-1017.9,-800.02,-1151.6,-453.72,-693.9,-1122.7,-1069.1,-617.55,-21.655,-542.18,-952.37,-463.97,-310.44,-590.8,-607.79,-528.9,-1209.1,11.811,-633.67,-683.11,-738.64,-767.13,-1192.1,-965.93,-252.66,-864.38,-1013.3,-1276.8,-344.74,-427.07,-851.25,-579.21,-767.81,-1322.4,-818.79,-1282.6,-279.02,-307.74,-754.74,-786.97,-544.9,-570.51,-816.63,-1087.8,-993.01,-992.95,-904.36,-1077.9,-137.14,-644.16,-972.09,-248.23,-1237.8,-667.84,-639.01,-696.1,-506.77,-679.9,-469.26,-201.42,-294.51,-480.85,-699.57,-359.53,-1063.4,-959.71,38.678,-1096.6,-506.79,-1258.3,-1046.5,-666.44,-729.43,-518.72,-542.97,-1042.5,-995.77,-395,-894.04,-377.57,-864.02,-971.82,-1300,-1162.4,-1128.6,-615.27,-1755.7,-1206.5,-1060.4,-773.53,-1061.8,-1121.5,-276.09,-749.07,-771.16,-715.88,-1636.9,-727.29,-521.05,-1042,-1145.8,-505.73,-803.33,-29.757,-1100,-690.76,-493.09,-1175.6,-699.41,-853.12,-1014.1,-934.37,-843.25,-489.58,-672.94,-1421.4,-425.83,-587.16,-566.06,-313.37,-519.26,-538.26,-624.85,-1074.4,-1215.7,-903.01,-720.37,-1027.4,-1120.2,-668.63,-998.62,-924.75,-625.56,-707.28,-590.44,-1087.9,-856.45,-946.73,-768.31,-1062.7,-601.84,-400.62,-1179.9,-1481,-1012.2,-881.57,-471.42,-535.13,-1480.7,-1585.4,-601.5,-1164.3,-976.74,-876.37,-1139.9,-1924.7,-1160.6,-589.83,-603,-1443.6,-765.29,-651.52,-1785.6,-1286.5,-1124.5,-516.69,-998.88,-568.32,-1107.8,-647.85,-745.89,-682.14,-894.28,-921.12,-686.93,-603.01,-838.92,-546.31,-506.66,-89.098,-581.09,-651.1,-1012.7,-578.75,-228.77,-972.26,-616.1,-1080.3,-1165.6,-649.24,-697.4,-1186.2,-716.35,-1027.5,-627.47,-23.671,-1080.6,-292.8,-898.57,14.652,-922.72,-1131.7,-1228.9,-836.06,-788.91,-303.31,-351.86,-1066.4,-802.83,-932.79,-1413.4,-454.06,-682.01,-1074.9,-601.63,-637.61,-263.37,-637.39,-1126.8,-497.93,-175.72,-154.44,-601.11,-343.25,-288.78,-904.96,-535.19,-37.6,-413.93,-585.72,-463.29,-951.91,-1227.3,-1122.2,-613.24,-1255.6,-815.24,-866.09,-1019.8,-741.95,-1012.9,-1411.2,-709.44,-378.79,-1781.9,-943.24,-999.5,-817.43,-751.78,-444.48,-795.48,-1105.6,-1082.1,-1086.6,-331.05,-1435.9,-1315,-208.74,-784.38,-1457.4,-483.07,-1136.7,-1159.5,-1566,-1029.7,-1022.3,-1113.7,-1237.9,-1302.6,-160.24,-722.45,-875.74,-582.34,-1107.6,-586.63,-556.17,-1116.7,-773.62,-698.57,-1013.6,-742.76,-570.16,-994.38,-837.59,-751.19,-1085.1,-69.169,-928.75,-984.12,-1127.2,-970.69,-661.51,-374.63,-322.15,-511.81,-743.49,-884.92,-1300.6,-290.48,-1553.8,-1044.9,-1058.3,-980.61,-722.69,-491.21,-626.24,-1924,-274.9,-669.86,-598.43,-715.26,-770.26,-569.67,-687.18,-583.72,-850.67,-187.94,-395.04,-422.6,-371.36,-681.63,-737.85,-1099.8,-1437.8,-84.404,-1027.7,-996.71,-713.43,-877.41,-1598.4,-1078.8,-459.99,-644.58,-1673,-886.54,-1261.5,-1531.7,-1169.3,-1731.9,-687.51,-1338.3,-1207,-1286.1,-845.67,-996.16,-507.23,-541.68,-554.61,-529.55,-472.42,-793.86,-762.66,-905.05,-1448.8,-710.05,-881.43,-294.55,-974.72,-971.2,-231.12,-802.33,-928.78,-407.19,-1284.5,-716.48,-1083,-786.82,-454.44,-1168.3,-1018.7,-1131.8,-636.91,-1096.4,-581.62,-547.85,-945.64,-1167,-179.1,-547.14,-1029.9,-1257.2,-986.61,-1771.5,-1135.7,-257.21,-1107,-723.17,-126.08,-728.76,-546.4,-685.32,-639.99,-1567,-1177.2,-746.1,-1715.5,-932.67,-1297,-108.41,-603.35,-429.93,-550.36,-1206,-1385.9,-1271.8,-1561.9,-1355.5,-808.38,-447.46,-1462,-1158,-1435.8,-698.43,-1181.9,-590.75,-533.29,-946.84,-1185.9,-825.05,-1728.6,-802.03,-592.89,-830.6,-692.74,-699.7,-1226,-419.56,-1068.5,-760.74,-1300.7,-840.51,-518.83,-516,-1578.5,-879.41,-877.49,-425.24,-703.22,-822.51,-164.71,-1274.7,-1102.8,-938.65,-549.59,-1053.7,-956.48,-187.76,-991.71,-1047.3,-226.33,-718.53,-899.19,-863.12,-930.6,-1346.5,-1181.4,-1197.1,-1478,-923.68,-446.74,-546.74,-1316.9,-361.21,-798.31,-840.69,-1135.1,-1362.1,-843.69,-501.97,-994.72,-600.07,-924.98,-473.7,-1010,-755.72,-952.46,-656.53,-1326.3,-713.62,-1613.8,-553.48,-340.89,-786.89,-657.97,-549.07,-589.09,-713.05,-633.44,-1104.2,-782.68,-859.64,-786.72,-715.37,-1211.9,-628.31,-1246.7,-1001.9,-862.25,-1217.6,-1169.7
-729.48,-686.66,-232.65,-274.59,189.16,-611.32,-481.16,-483.69,85.507,-279.23,-288.23,-555.84,-232.33,-359.74,-422.01,-326.65,-68.797,-556.58,-566.45,-560.56,-471.65,-430.76,-683.04,-391.33,-325.53,-274.62,-375.25,-86.135,-854.28,-244.36,-447.12,-620.12,-687.95,-1099.9,-664.49,-684.25,-161.5,-26.989,-648.27,-115.34,-490.72,-369.69,-902.7,-757.64,-317.94,-886.32,-776.11,-549.85,206.31,-594.62,-418.47,-461.49,-328.92,-601.91,-330.14,218.23,130.25,3.8606,-424.23,-45.172,-337.9,-288.38,-274.71,9.6656,-744.78,-532.95,-140.12,-358.25,-573.8,-1014.6,-700.03,-460.61,-453.2,-380.81,-6.2936,-519.95,-75.004,-33.165,18.51,-489.07,-559.95,-850.96,-943.77,-394.7,-593.42,-482.38,-596.13,-926.15,-115.17,-873.48,-738.39,235.96,-310.35,3.3587,-681.72,-517.59,-1307.4,-380.06,-347.1,-982.92,-1124.6,-304.52,-555.81,19.967,-1016.4,-779.05,-333.87,-1006.4,-317.11,-860.36,-5.5163,-709.06,-670.97,-633.11,-85.19,-116.54,-606.53,-304.02,-378.7,-301.69,-372.83,-54.171,-462.28,-762.13,-726.69,-392.72,-516.91,-990.02,-1048.6,-547.13,-927.28,-867.15,-338.51,-461.7,-532.09,-862.35,-812.44,-58.284,-676.18,-1048.8,-449.2,-551.2,-780.8,-589.16,-477.11,-661.54,-153.15,-293.58,-816.55,-918.58,-240.98,-810.95,-222.91,-831.39,-755.17,11.897,5.6209,20.954,-539.57,-656.99,-512.79,-546.2,-396.23,-743.53,-798.97,-528.85,-491.89,-717.96,-66.267,-681.35,-695.63,-488.55,-27.229,-845.79,-378.15,-780.34,-835.22,-376.91,-428.13,-144.55,36.265,-535.69,-459.03,-668.64,-512.66,-1042.1,-310.38,-765.16,-605.77,125.95,-677.26,-610.35,-643.52,-595.26,-553.73,113.3,-743.47,-198.72,-856.11,112.25,-587.22,-441.31,-189.28,-400.66,-102.76,263.91,-271.16,-412.47,-872.79,-660.69,-636.7,-585.5,-182.92,-616.65,-182.44,-744.07,235.56,-293.13,-1012.2,-135.79,-41.426,-161.42,8.4682,79.797,-451.11,-868.03,-373.5,-352.07,-70.827,-488.99,-691,-661.42,-962.83,-1082.6,-350.96,-422.14,-784.8,-85.308,-810.1,-534.07,-293.29,-409.74,-890.08,-427.86,-769.39,11.68,-981.32,-208.76,-25.166,-373.42,-657.85,-520.12,-1021,-971.88,-340.77,-872.69,-414.19,-308.14,384.11,-88.628,273.44,-578.56,-333.11,-1060.9,-697.46,-711.3,-302.71,-722.37,-1005.7,-178.41,-587.61,-248.64,276.89,-927.6,-387.16,-186.8,-1143.7,-568.4,-490.41,-865.11,-717,-792,-567.68,-565.23,-858.11,-711.75,-390.47,82.79,-456.78,-683.13,-988.1,-667.03,-461.95,-505.35,-177.26,138.31,-768.13,-305.85,-405.05,-841.57,-563.82,-61.717,-350.23,-177.66,55.797,-771.22,-838.01,-436.49,-668.32,-718.69,-601.26,-593.17,-299.17,-784.42,-60.199,2.4057,0.93558,-627.62,-398.86,187.36,-610.61,-267.71,-585.78,-1025.3,-98.623,-967.53,-297.4,-452.3,-557.44,-1080.1,20.628,-278.3,-360.99,-372.54,-897.22,-442.33,-723.39,-778.23,-835.47,274.51,-907.61,-626.4,-763.63,-1046.8,-316.16,-468.57,-155.65,-55.937,-463.9,245.82,114.55,-201.32,137.64,-969.73,-704.36,-479.14,36.324,-843.11,-826.57,117.84,-150.43,-656.73,-5.0729,-400.43,-800.25,-475.59,8.9091,-784.59,-480.76,-878.54,-71.391,-707.69,-522.87,-612.59,-814.85,-653.52,-565.07,462.55,-291.71,-942.12,-238.33,-103.6,-988.54,-692.25,-163.5,-712.82,-740.31,47.14,-744.98,-462.12,-353.68,-731.36,-987.86,-1133.4,-765.3,-1063.3,548.42,-820.16,-648.14,-250.89,-10.861,-598.76,-733.15,-522.15,-905.53,-610.99,-146.73,-588.9,-337.28,-637.19,-636.13,-1026.7,-222.55,-1027.6,-326.69,55.139,-704.14,-497.2,-650.27,-797.84,-697.97,142.58,-816.44,214.13,-244.56,-1109.2,-608.2,-357.28,-400.95,-498.7,-726.23,-289.48,-837.26,-823.47,-1167.5,-505.99,-49.904,-710.41,579.54,-388.66,-364.69,-383.86,-457.21,-574.48,-865.45,-700.53,-141.22,253.52,-1115.9,-259.64,-791.98,-170.71,-518.41,-536.33,-221.07,-684.01,-839.42,-368.73,-872.82,-632.1,-34.331,-236.09,-286.36,-596.17,-94.517,-572.03,-681.02,-494.47,-683.9,-377.52,-296.79,-894.88,-397.86,-756.21,-394.66,-492.55,-353.46,-292.31,-393.15,-999.22,-85.967,-563.23,-644.16,-458.18,-608.19,-594.36,-352.96,-482,-726.05,-185.6,32.308,-603.65,-702.44,-339.94,-266.6,-1016,-467.72,-834.87,-787.08,-589.45
-83.788,-258.62,497.53,107.95,-413.35,-698.78,-857.36,-463.34,-278.39,-711.19,-597.42,546.08,-543.34,-708.03,-820.6,235.58,-262.78,370.23,-972.05,-601.11,-593.54,-623.83,-59.742,-605.23,-625.33,-158.87,-165.7,529.97,177.45,-139.57,-186.14,330.46,591.98,267.86,-197.41,-98.652,-568.09,-267.02,-855.34,310,161.37,-836.75,196.56,-677.72,-548.74,-268.4,-521.17,-498.03,108.15,410.22,-822.23,-372.98,-79.466,552.37,344.68,1021.9,-291.11,-507.97,-935.54,-327.27,-606.72,104.17,-644.01,-491.22,-380.08,15.766,-165.53,-58.684,77.072,-472.28,-737.27,-929.05,314.02,-406.4,420.06,-508.78,-513.06,-618.01,13.514,-136.19,544.33,-508.52,24.367,982.91,-817.4,-213.84,-6.3765,32.97,-208.56,-484.1,-688.98,-142.44,-177.19,-222.22,-408.39,210.59,-325.33,-806.77,-594.81,115.13,-253.45,276.15,797.91,-384.02,-534.19,-478.31,-431.83,150.32,519.9,543.26,-155.13,254.84,299.72,-349.66,2.208,-917.36,156.27,-454.14,824.95,455.8,-464.22,-163.05,-665.22,-516.83,-159.65,206.38,-19.221,-221.99,-195.67,300.45,-10.474,-737.54,-926.39,-453.24,-914.74,3.8382,65.228,-154.08,-591.92,-462.07,-415.31,777.67,34.57,512.77,-1209.6,-848.04,53.495,-308.37,-662.87,-79.222,84.098,-588.2,-103.47,66.938,-935.57,-417.24,-354.48,-465.98,679.93,-10.002,-765.28,127.44,-634.57,-310.58,-532.01,183.06,513.33,-591.5,412.88,-415.71,-257.43,-509.75,-250.52,-490.07,-372.42,493.54,785.48,-129.41,-515.61,-67.718,-1079.3,750.53,337.68,-590.85,45.958,-456.12,-475.1,-694.68,-746.42,-700.18,-674.93,-633.17,-140.97,-966.26,-659.42,13.606,-7.7448,-552.94,-492.51,-55.639,-642.1,-696.11,-657.41,560.01,780.61,-613.76,-791.93,-556.07,-116.32,-167.8,-50.231,-139.56,-181.93,208.83,-182.01,-61.553,-47.75,-70.517,-222.52,-385.02,-205.99,309.88,-729.92,-322.53,443.43,-507.34,826.37,57.136,-881.71,-491.92,-223.84,284.03,-583.75,-763.98,-269.83,-618.11,-808.6,-840.04,-945.58,-453.69,-788.74,-698.24,-602.28,-682.74,-535.6,-692.29,-650.82,-358.84,-681.07,-826.79,-1041.5,-525.99,67.475,-16.477,143.63,493.49,211.15,88.342,-338.22,-704.73,-796.89,126.49,-319.36,-265.01,-125.83,319.86,453.09,-452.82,-203.11,-209.78,-830.05,-1012.3,-173.07,-111.34,289.25,-685.49,-242.46,-169.27,-222.55,-441.06,-664.17,-110.89,-944.93,-48.567,-460.05,-507.34,595.01,109.65,-278.56,266.73,-501.75,-917.86,-181.31,-264.81,77.266,-634.54,-614.15,-557.2,42.543,152.22,675.45,-47.68,266.63,-425.27,-233.37,-51.233,-458.26,-797.26,1137.8,-147.99,-377.26,-74.906,-918.39,-309.02,-85.462,-253.92,-238.53,-155.93,-690.62,-192.08,-46.696,-393.99,104.49,249.44,-321.19,-402,-521.01,152.19,-401.04,-533.21,419.15,-370.97,-594.06,-407.04,-732.1,-181.38,-166.01,343.73,-458.76,-480.44,142.19,-124.78,-269.03,-139.28,-718.76,-216.59,416.41,-117.59,-645.38,371.6,-312.13,-325.4,555.38,-665.3,-458.53,-731.43,-458.31,-347.46,560.08,-191.25,-789.63,-665.11,-592.72,616.5,-389.42,-732.61,597.64,-681.5,-185.57,-423.76,-574.64,-224.25,-466.08,-586.03,63.452,-985.83,755.27,-257.51,100.92,266.19,-783.52,373.26,-220.72,-555.92,-561.16,155.16,-296.26,-484.49,-231.87,16.73,124.36,400.75,217.47,-602.49,-569.02,435.53,-345.76,-566.75,462.99,342.05,590.7,-39.377,-805.32,-837.85,-621.62,-51.697,-384.18,-729.17,-789.74,-579.26,-369.08,-48.742,-267.26,-70.736,-841.71,-461.88,-209.96,-14.586,255.14,345.96,148.62,-678.1,-651.37,-67.965,-676.8,-396.14,-178.96,-655.08,-553.81,-155.81,-723.3,-901.73,-568.24,-318.02,-449.23,-549.97,-537.37,308.31,-230.73,-171.92,-327.72,-957.19,-532.04,-841.31,123.92,-843.97,-476.8,556.91,-336.38,-617.6,-697.79,-695.24,-1021.9,-447.44,-766.4,-202.99,160.88,-618.48,-488.14,282.12,-563.17,433.59,-202.91,-488.61,-1246.4,81.952,221.02,-1030.9,210.13,-494.63,-615.27,-592.08,997.85,-488.47,397.77,-218.34,-475.83,766.19,-267.89,787.26,184.84,-202.86,-816.73,-682.28,-676.55,-565.07,-189.92,-560.6,167.7,-333.97,157.44,-455.2,-643.11,332.84,-655.62,-175.36,-973.36,-574.6,-565.93,-633.32
1108.6,726.43,867.88,852.9,697.64,566.94,360.62,418.64,390.87,739.64,534.08,908.24,299.61,176.72,342.22,325.78,1044.4,701.3,713.06,940.15,455.62,688.75,1069.2,552.85,447.64,513.42,636.65,1580.9,911.54,546.41,1199.5,750.85,1093.7,545.84,495.86,452.21,710.32,147.53,525.45,809.2,1142.5,411.47,1019.8,1094.3,943.8,1176.9,935.3,935.18,647.35,952.63,1110.2,608.69,1022.1,793.42,628.2,636.1,1125.9,1202.6,476.64,276.75,275.9,991.61,614.02,368.48,683.49,1238.1,580.08,840.97,1031.1,714.18,1096.1,737.08,1300.5,1067,1321.8,1511,1380,579.91,637.1,761.31,868.79,499.82,821.16,175.65,788.57,694.84,1652.5,1232,1363.7,481.79,439.76,1516.6,895,-100.89,955.76,952.3,740.29,729.12,604.09,484.69,626.29,1119.1,987.48,577.37,723.51,591.24,930.15,540.69,1290.5,704.68,1090.8,449.93,184.36,936.12,748,879.12,851.85,525.93,528.26,851.05,348.11,931.57,697.66,887.28,571.5,-22.166,746.15,710.83,750.49,920.73,352.08,723.38,410.98,1145.6,641.13,942.65,444.88,1317.5,670.35,1035.8,205.8,612.08,1094.8,1078.9,482.54,964.98,773.17,398.36,587.96,946.45,750.71,631.15,620.83,966.99,830.71,953.06,822.64,817.71,1057,251.85,464.99,1438.1,1004.3,338.14,303.57,679.19,932.67,831.9,722.96,697.32,310.59,1092.1,1140.9,379.92,965.81,828.6,898.19,711.84,886.1,786.55,463.48,971.99,1302.6,567.14,773.75,402.73,523.79,914.05,676.61,321.06,376.67,698,687.1,631.61,909.25,795.17,1261.6,517.99,769.53,769.19,480.78,410.43,580.99,524.7,1538.4,408.76,620.24,934.24,849.61,1027.8,873.69,649.99,492.5,458.5,994.58,595.64,813.56,735.8,771.45,201.71,571.57,293.58,445.24,621.32,386.93,512.95,688.12,668.52,467.45,507.91,713.88,1173.8,707.3,710.9,1277.9,220.07,803.89,585.23,938.09,676.78,163.73,1175.7,212.71,179.21,546.58,259.05,812.52,487.79,516.63,618.04,655.51,382.62,854.4,1089.6,1058.9,1237.4,364.58,705.24,1072.2,818.68,150.54,1051.2,641.94,1169.2,832.12,1349.2,1241.1,487.25,867.4,774.38,721.58,725.78,539.38,660.41,717.02,663.19,626.78,1230.5,542.9,581.45,609.39,908.86,1055.2,987.79,483.91,798.67,402.86,1490.2,1115.5,1257.8,829.79,613.63,449.48,750.63,1369.6,-101.45,965.09,513.16,866.73,498.49,425.71,1080.3,1641.5,1260.8,177.65,926.78,341.03,662.42,721.43,840.79,325.47,824.09,557.14,533.38,756.43,885.16,703.76,639.22,209.36,191.24,801.6,547.4,760.62,1156,400.7,728.1,697.52,1122.8,743.77,588.09,1453.1,729.62,700.41,510.58,921.97,658.11,1129.5,1054.5,721.92,902.33,796.22,432.87,1359.6,798.62,1000.7,669.35,1023.8,745.86,454.11,1040.3,857.28,1159.7,525.51,477.75,709.99,166.58,1261.7,664.23,1210.6,313.01,876.36,1012.2,329.03,1254.4,764.64,683.67,1182.8,495.34,408.81,1052.4,949.71,596.99,1016.3,878.59,765.02,1021.6,1012.4,736.06,508.33,923.57,661.44,590.95,650.98,406.44,727.98,1196.3,826.5,275.07,371.35,1204.7,920.82,909.04,346.25,976.62,534.53,684.65,1083.3,521.27,522.56,763.17,836.94,950.77,823.21,1138,917.06,987.23,1166,760.84,661.31,1222.5,50.337,566.25,910.71,809.11,473.7,88.483,857.71,1374.5,840.31,1427.3,722.84,660.08,680.98,164,708.94,660.16,552.89,1047.4,1094.8,577.44,463.03,541.18,441.19,1137,321.42,700.12,242.49,537.86,1182.1,536.97,1175.7,982.94,717.91,387.7,951.04,533.47,301.26,1024.2,302.07,246.87,468.81,509.86,912.29,1053.8,951.72,1015.1,-79.275,641.77,511.58,529.58,217.28,574.93,933.36,715.01,344.49,1150.5,278.02,608.45,915.48,660.52,968.95,590.26,317.13,1061.8,469.88,36.46,1296.2,928.76,104.41,832.87,632.82,850.74,638.86,858.43,573.78,422.6,1124.3,851.18,1184.8,381.45,1239.2,919.99,342.27,123.63,158.89,735.38,735.25,480.72,727.18,536.6
-1141.8,-623.92,-486.15,-535.21,-848.85,-893.19,-977.08,-648.57,-910.01,-994.6,-609.87,-997.59,-475.42,-1653.7,-1563.4,-593.33,-1230.2,-869.89,-1126.8,-985.97,-1451.9,-1045.1,-931.86,-351.4,-697.78,-313.65,-883.99,-1095.8,-973.31,-1130.4,-1235.5,-860.05,-1025.4,-1203.4,-713.84,-1087.9,-999.39,-979.25,-840.79,-1303.2,-1399,-764.88,-946.84,-1141.9,-970.07,-1231.6,-968.58,-1817.5,-906.45,-939.27,-1620.6,-1128.2,-760.71,-1037.4,-395.89,-960.48,-896.33,-1186.4,-967.15,-827.33,-693.36,-1002.7,-715.84,-843.79,-341.3,-1107.1,-625.84,-1282.6,-922.09,-1325.6,-1489.8,-1079.1,-1266.9,-771.61,-1107.5,-1147.8,-1698.5,-1088.6,-763.82,-1177.7,-1074.2,-675.61,-1239.7,-692.48,-1539.4,-1050.4,-1390.1,-1536.8,-1375.2,-547.13,-944.41,-1349.8,-876.22,-612.08,-960.95,-1176.7,-891.86,-1231.5,-1034.9,-709.67,-573.91,-999.05,-1395.6,-698.23,-1014.4,-841.94,-613.19,-1265.8,-1091.1,-1087.9,-1022.2,-1042.6,-1025.8,-1095.2,-754.25,-1993.7,-763.51,-1202.7,-1507.3,-1032.1,-638.19,-850.46,-854.72,-1455.9,-574.94,-667.16,-965.91,-684.48,-1109.8,-593.25,-535.36,-1242.5,-1097.9,-1620.7,-977.86,-1171.8,-977.1,-1446.2,-735.17,-1343.2,-907.52,-892.95,-1064.4,-1210.4,-1057.1,-1145.2,-880.99,-908.6,-1133.9,-1317.1,-588.83,-762.24,-937.22,-815.02,-1616.5,-1644.9,-1361.1,-1103.1,-1139.2,-567.13,-864.18,-1434.7,-1086.9,-498.94,-788.74,-1218.6,-1187.3,-1087.3,-463.73,-865.09,-471.02,-1502.1,-1591.5,-914.78,-804.63,-1164.7,-1420.3,-714.4,-899.21,-1019.3,-1218.4,-880.7,-1017,-890.64,-1076.5,-1192.7,-816.89,-1099,-1148.3,-1094.7,-790.41,-1184.8,-676.87,-1334.4,-808.04,-845.89,-1018.4,-1253.2,-906.86,-628.31,-603.09,-1487.3,-1513.7,-742.69,-1307.1,-1501.6,-972.81,-1450.2,-1544.3,-835.74,-1701,-1029.6,-1007.9,-1169.8,-1171.6,-1224.4,-510.42,-751.7,-777.19,-336.7,-619.13,-282.41,-1400.5,-804.74,-757,-622.63,-1075.9,-761.52,-1443.3,-614.27,-1048.5,-1783,-811.97,-909.71,-1158.4,-725.67,-940.46,-875.1,-1343.1,-887.43,-974.6,-1159.3,-1047.6,-768.17,-1444.3,-784.03,-865.68,-348.84,-638.1,-649.79,-1195,-811.72,-1085.2,-1469.4,-890.32,-1437.1,-929.01,-790.52,-1441.2,-1592,-1053,-1090.8,-1188,-1175.4,-686.66,-1964.8,-1882,-612.86,-832.98,-889.01,-1099.1,-909.71,-1144.3,-1115.6,-1180.3,-657.05,-629.73,-1423.6,-636.91,-795.36,-1170.8,-779.99,-1288.1,-1054.7,-1433,-649.99,-627.48,-990.11,-936.7,-1250.5,-1019.1,-1221.1,-811.52,-823.41,-1253.6,-1109.3,-899.31,-538.61,-893.97,-1168.8,-910.16,-1580.6,-1437.9,-1821.4,-583.71,-908.15,-1907.7,-914.82,-1458.7,-1051.3,-411.02,-1304.3,-863.57,-552.57,-599.59,-1870.9,-1025.2,-697.05,-777.42,-610.37,-591.72,-688.98,-959.58,-1056.4,-804.73,-856.12,-1370.7,-602.61,-982.44,-1526,-1113.4,-1400.6,-1001.1,-640.09,-1205.8,-1152.7,-1086.8,-960.42,-1491.2,-1038.3,-666.48,-179.91,-1338.9,-884.92,-1416.1,-804.78,-1087.5,-801.3,-744.7,-879.38,-859.68,-1409.2,-733.23,-1209.7,-790.73,-821.68,-1054.7,-931.63,-1280.9,-399.08,-1097,-1306.4,-550.24,-1357.5,-1161.7,-791.18,-1188.8,-732.98,-829.26,-1153,-1069,-733.2,-1456.3,-912.1,-987.39,-1367.7,-1074.1,-1087.2,-403.37,-1348.7,-785.95,-854.48,-1930.8,-619.92,-1351.1,-1516,-1175.8,-1143.3,-840.79,-1777.2,-614.52,-880.61,-895.03,-1330.7,-1084.3,-764.45,-676.49,-728.38,-608.59,-795.14,-731.69,-1021.8,-607.19,-1634.4,-1318.5,-1134.9,-1405.6,-1013.1,-1362.9,-1506.6,-1698,-1132.1,-581.09,-930.76,-1036.9,-1140.8,-1062.7,-1831.6,-1004,-1672.9,-1342.2,-1053,-896.56,-735.74,-793.86,-735.92,-1097.5,-921.85,-1385.9,-1391.3,-947.62,-923.61,-905.06,-1391.3,-1072.5,-1216.5,-388.78,-1099.8,-734.83,-882.92,-975.54,-1001.2,-1101.4,-717.6,-839.09,-829.25,-808.63,-937.77,-1374.6,-616.92,-838.78,-654.76,-1691.3,-1285.1,-1706.9,-1393.2,-929.76,-1676.3,-451.5,-730.74,-596.52,-294.29,-1348.7,-1204.7,-905.45,-1417.4,-444.23,-1333.5,-1018.3,-867.38,-982.21,-1015.4,-1254,-1322,-856.54,-1342,-1313.5,-873.21,-686.87,-1423.7,-551.56,-548.93,-1567.5,-1125.1,-647.54,-595.09,-1362.9,-1305.5,-1075.9,-674.38,-1720.3,-1353.8,-861.28,-808.02,-1634,-1418.1,-999.19,-845.01,-1625.2,-686.54
52.711,506.53,-311.97,-154.68,193.92,-185.73,375.31,433.82,-174.45,-76.266,480.89,-467.59,221.57,-93.093,-455.25,668.88,-261.31,139.79,-212.18,-110.06,-413.46,-285.95,390.9,-242.73,195.7,436.12,-200.51,-281.44,-371.1,368.52,20.122,458.45,131.89,-4.9597,306.41,-347.97,279.71,-155.74,303.62,-349.34,-212.4,210.78,-95.893,121.62,21.339,279.67,55.95,-4.1812,-99.54,-186.65,-81.427,49.433,-506.32,-424.34,449.16,-121.34,381.49,400.33,42.525,270.37,185.58,-116.92,565.18,357.35,-142.06,24.715,190.4,820.84,-229.29,-254.06,-355.25,104.35,-142.31,387.26,-197.28,-198.72,-77.035,215.74,-198.98,-411.19,-109.5,236.95,-284.77,-260.89,-81.779,-9.7953,-256.2,164.74,90.233,391.19,-588.15,-436.39,222.43,191.06,-91.179,-97.339,-205.62,-365.15,232.97,356.09,17.816,-300.97,-444.34,-70.126,-301.9,263.09,165.57,-98.769,-502.56,-26.799,-331.86,-164.16,212.04,160.86,479.69,-172.47,49.736,623.6,309.51,-219.97,333.76,-179.18,8.8389,-300.56,239.16,234.43,89.232,-23.774,-130.96,-13.681,363.51,-427.72,206.23,60.663,-99.45,-55.343,-312.67,-446.04,-42.593,69.777,506.97,-279.91,72.062,-289.27,20.205,-605.17,-519.64,-221.52,238.77,4.4743,173.68,167.49,-501.55,318.34,-292,350.25,-545.3,-517.94,-460.66,-319.97,-417.17,140.57,-669.28,-159.6,242.57,-172.25,-228.18,160.64,91.059,491.8,366.89,166.44,-55.002,-70.96,215.63,-410.23,-151.34,-180.44,-191.97,133.28,60.195,-364.99,-51.428,-28.988,17.474,314.13,570.65,-305.57,-475.26,399.48,25.919,-874.4,428.69,-379.08,24.049,-343.65,217.6,-53.454,263.4,318.3,275.08,480.57,-630.79,402.4,-636.18,-408.76,-201.56,-707.07,125.04,240.09,-362.85,418.94,194.35,593.54,2.0476,-5.6179,2.2535,755.67,317.03,166.27,484.28,141.07,-324.23,587.39,-24.221,115.1,-71.706,-76.903,45.791,-163.22,120.13,157.4,-173.3,-102.61,324.42,146.43,-161.12,475.49,-229.15,-16.621,17.749,9.5229,169.96,171.78,-592.84,448.71,-274.18,161.7,179.9,234.16,-492.45,365.34,-94.956,-37.388,350.94,-85.306,171.5,64.996,-720.84,-974.49,-69.461,-53.883,624.34,-319.96,669.48,-90.572,-351.21,239.24,59.874,113.01,-56.05,-39.46,430.8,-102.27,-251.42,302.63,-11.317,-468.5,151.95,486.28,-601.68,315.88,106.48,-75.832,27.693,140.45,168.3,-465.96,-327.39,592.84,6.1847,-260.8,286.35,-141.95,-97.502,-10.566,166.26,542.36,172.32,-483.13,-178.82,-516.78,-73.934,198.33,336.51,313.64,-172.9,100.02,-378.73,36.43,184.01,-180.15,42.433,226.91,696.68,161.03,287.28,76.612,-117.4,217.85,222.5,434.28,122.88,-51.445,201.6,182.27,-237.63,-65.532,280.74,249.71,-432.84,243.22,565.87,76.903,-72.229,-742.55,-179.83,491.75,-301.78,429.77,-210.7,-42.267,284.91,56.778,-234.69,330.52,-348.1,586.92,295.79,-705.47,-171.39,-57.757,-104.99,-86.925,312.17,-25.456,-409.43,52.154,60.23,239.02,686.23,-536.64,198.54,-132.1,-152.18,292.29,-181.42,92.3,-45.945,69.31,-144.18,37.134,-239.68,-124.22,-78.923,39.209,-306.85,-271.76,489.89,-8.5765,-543.87,-5.125,-141.95,333.88,-279.2,-143.09,114.47,-178.93,-91.496,-185.52,288.46,-198.73,134.13,-181.3,113.27,-301.77,-141.47,297.17,-138.41,-374.99,-294.05,464.57,-73.68,-373.95,71.646,-555.36,-713.98,291.12,188.32,-146.05,415.05,-178.34,500.99,71.409,57.559,-28,-251.88,-427.03,-84.762,-163.6,477.38,-516.48,236.99,541.7,513.6,23.922,56.703,511.72,187.7,-73.475,501.1,37.42,-137.81,-49.075,-270.84,-261.51,115.97,-53.097,-600.67,-89.38,-176.34,406.4,-301.36,-38.378,154.33,-522.39,226.89,-401.33,-111.58,178.38,54.853,366.41,-123.94,284.88,-627.42,-55.482,397.89,-931.89,56.708,-45.944,378.38,254.06,-68.95,-365.67,61.194,-447.92,-231.26,108.56,-4.9129,816.93,42.605,-201.71,-433.27,-467.72,-192.68,-211.62,227.19,-373.93,197.87,-61.148,410.15,144.34,239.46,53.468,-469.45,268.98,-416.34,225.74,-322.68,-89.149,-416.53,-332.06,-371.92,-334.79,-292.87,-278.5,523.19,88.04,-546.14,361.72
93.977,553.75,427.16,160.14,207.21,1339.3,1085.4,344.05,638.95,280.11,354.03,236.5,303.23,1280.7,519.73,804.73,-85.888,1149.4,405.68,200.75,311.93,4.0241,302.15,611.5,672.38,428.34,1054.4,189.51,994.31,96.608,-6.8705,652.45,780.34,421.04,450.87,31.362,285.38,502.46,596.97,110.58,596.47,394.22,475.15,161.41,147.18,1054.6,420.13,77.232,796.81,280.64,293.64,971.96,602.71,514.31,501.93,299.04,843,1293.1,327.73,432.68,258.39,537.43,471.94,328.6,540.42,346.27,711,647.06,268.12,353.03,188.77,771.33,29.944,765.99,366.94,165.82,144.28,524.4,36.29,761.12,-30.409,882.82,284.06,432.41,500.44,123.85,394.26,589.18,442.63,569.23,601.15,347.8,550.92,665.89,629.49,185.53,777.51,108.44,265.78,619.6,516.25,301.18,124.91,896.55,383.87,547.69,636.46,493.71,236.29,466.52,-62.407,247.44,389.39,773.87,1029.8,701.55,453.9,317.49,870.67,143.61,242.99,73.592,297.15,50.027,378.86,1260.9,-83.843,223.31,749.5,-59.5,686.57,263.62,430.92,1141.7,444.41,121.84,414.03,85.188,542.24,514.75,406.44,582.01,359.43,449.07,1129.6,880.26,342.32,-221.48,1662.6,615.7,787.27,656.54,159.45,793.46,398.53,1358.5,275.16,542.39,237.51,1065.5,305.5,693.08,1112.5,765.02,989.06,-7.23,279.12,640.09,951.03,518.96,503.53,460.63,514.45,408.32,128.63,939.86,571.17,-139.86,143.12,693.3,727.84,224.12,6.3341,108.08,324.24,503.29,577.28,-1.3487,80.14,294.43,317.82,2.2155,664.18,934.51,307.49,904.99,169.1,221.74,317.76,660.97,629.19,949.52,456.14,1060.4,195.98,507.01,441.57,142.94,447.25,-28.151,384.05,645.45,233.51,1290.7,990.15,534.51,606.85,663.18,738.4,314.43,369.34,657.17,79.108,338.14,806.19,496.79,297.26,684.31,350.19,139.16,671.59,415.47,316.67,868.23,492.46,568.02,411.37,694.28,224.24,309.5,745.33,242.6,823.18,374.69,264.68,239.95,236.69,529.39,476.79,518.91,298.14,1153,357.62,124.46,442.23,331.76,1452.3,463.49,476.03,347.42,643.06,5.6548,813.89,372.66,665.39,579.83,1229.9,958.27,475.13,665.24,38.902,577.11,177.83,85.485,515.49,483.05,415.33,323.1,715.43,665.15,106.15,747.33,559.02,-26.64,941.21,612.92,1035.8,312.85,142.9,1024.1,109.01,340.49,165.83,404.94,378.86,479.36,67.922,753.08,474.35,661.53,946.57,-91.548,460.88,766.32,322.51,400.24,1002.3,542.47,340.67,950.89,426.74,53.383,545.67,458.41,537.27,695.85,474.27,317.81,320.8,486.47,577.24,514.07,-166.11,549.94,279.32,270.63,-105.58,245.85,496.41,960.2,338.61,801.85,294.42,1218.1,572.26,-194.22,108.56,928.34,42.79,419.81,125.97,666.41,564,393.91,37.693,188.51,323.62,505.51,297.66,640.05,158.23,324.46,495.14,449.81,485.17,1145.9,768.82,26.095,746.86,486.67,597.31,-41.854,407.41,-108.94,127.63,545.43,221.09,440.31,-7.289,136.72,123.02,372.77,-37.889,467.62,959.83,763.48,399.61,880.14,494.53,251.69,324.27,-75.897,1123.6,875.03,625.06,236.37,276.14,445.64,258.43,1476.6,638.97,267.95,1080.6,599.54,167,961.14,921.09,773.48,597.45,789.64,331.05,828.29,781.86,255.96,440.74,1029.7,460.15,269.05,238.66,60.062,1336.2,603.71,404.18,311.68,279.05,734.15,-156.08,179.03,19.485,506.83,973,393.62,796.06,661.22,548.48,648.75,258.78,749.89,644.1,-191.1,978.19,447.47,661.68,536.1,574.89,177.88,493.89,346.86,477.29,209.48,-41.714,719.82,-209.71,535.79,713.83,565.98,149.13,493.25,797.86,377.57,339.57,385.28,588.22,576.61,561.85,-221.9,1439.4,275.05,675.29,143.17,237.33,796.15,609.25,474.03,929.07,329.79,1087,325.07,736.26,858.41,289.17,256.3,176.01,45.277,141.3,401.32,463.14,523.04,753.24,645.05,846.22,601.5,444.4,1.1624,638.72,300.51,356,78.389,363.84,0.36242,483.08,414.12,348.18,925,102.29,173.88,694.9,399.57,480.57,516.2
692.64,381.99,86.959,194.13,-145.56,85.841,-110.04,12.522,-339.28,-18.912,-69.816,-34.706,188.96,237.51,-142.74,442.24,-297.86,66.838,97.134,117.89,376.79,-2.7765,802.47,-17.53,46.914,166.98,359.46,185.37,-125.9,362.59,382.34,669.5,684.86,451.6,504.56,387.79,18.956,-442.71,69.928,-374.4,-124.37,-9.9416,681.93,221.54,-133.12,265.57,333.79,260.27,-2.5754,724.94,190.25,-140.57,310.77,580.83,647.1,233.47,201.23,-169.28,-0.27549,-30.129,7.9833,115.64,-43.621,40.991,264.96,518.38,-247.27,85.847,158.01,202.02,299.76,313.82,442.02,400.28,682.78,70.703,-88.966,-39.478,-310.93,48.383,407.24,206.45,453.75,617.87,269.02,97.926,-55.309,423.94,233.38,103.11,147.78,168.72,121.64,-107.28,334.8,535.69,363.45,27.772,139.84,716.36,329.03,304.58,194.39,-239.32,459.49,213.77,-114.38,587,-144.86,970.7,-346.99,585.9,432.99,238.4,396.29,31.514,717.23,46.226,289.72,289.1,-3.6508,104.66,100.73,186.65,26.592,-6.369,624.66,618.38,633.15,687.14,498.2,539.53,-45.386,25.585,251.1,742.97,670.06,126.77,474.98,472.51,11.241,441.31,691.88,322.89,43.308,105.76,-115.94,36.419,16.965,856.95,469.4,-14.968,-67.766,924.47,25.166,-68.351,-157.52,-128.95,43.349,-80.481,212.5,250.13,159.56,175.3,55.109,414.66,824.68,249.61,583.38,542.24,287.91,186.74,59.182,-17.898,242,569.96,679.27,51.959,242.03,-193.08,-77.989,711.87,312.53,79.446,81.001,450.16,-8.2189,171.73,-145.64,-91.718,195.58,186.22,504.23,142.84,120,-37.55,736.5,81.371,355.11,-46.136,82.878,-133.19,173.75,808.07,-301.92,-211.83,280.65,280.06,246.63,476.07,461.53,358.9,-97.958,525.83,-269.36,689.04,44.335,366.36,859.14,-137.86,-60.265,69.457,158.81,-87.188,733.92,478.34,380.62,84.625,-96.942,56.417,377.61,235.26,391.43,483.83,334.03,-23.59,180.37,-195.97,351.09,-36.855,-251.11,243.54,54.061,48.075,170.2,-408.64,517.55,-54.243,-500.36,14.374,175.42,80.39,816.83,329.68,175.19,830.72,210.81,333.79,-199.08,44.069,-140.19,374.45,392.26,441.12,390.88,304.28,87.112,60.444,223.74,0.61034,232.72,-119.59,-286.89,332.18,662.23,96.689,367.71,439.89,277.52,213.39,64.137,583.83,149.45,769.44,538.11,371.65,274.97,-88.783,-42.74,514.2,608.8,201.15,182.94,362.45,184.8,-191.04,250.27,-194.03,156.39,573.51,1051.5,-344.95,-170.46,-311.25,-221.17,344.19,345.4,78.242,644.17,248.9,105.66,552.78,-206.78,508.76,232.99,122.59,-423.49,516.6,149.49,26.827,612.4,149.54,591.97,683.42,9.4488,338.54,-178.96,415.28,-152.41,319.27,51.254,-28.692,261.02,120.55,196.67,59.824,181.48,797.59,429.21,-60.439,456.31,40.391,578.67,742.8,-84.724,222.2,-175.66,199.46,270.66,-602.89,282.85,165.27,-45.351,269.99,490.5,90.727,-352.6,297.79,866.22,105.06,65.99,101.85,239.64,324.68,431.87,269.44,542.88,254.26,-260.02,428.73,-126.73,513.17,160.75,-147.23,652.65,181.8,637.4,-290.19,487.36,1032.5,-366.61,36.359,576.26,33.56,-128.93,154.19,124.26,-104.61,387.32,42.097,559.27,714.38,432.13,680.62,364.89,813.93,645.13,148.2,201.02,468.8,710.18,433.41,63.629,293.97,519.44,659.45,201.95,150.06,-143.27,432.36,45.103,297.51,315.68,441.24,62.63,9.1946,508.29,407.88,307.53,675.9,494.07,35.879,618.89,-144.84,-54.152,364.81,359.34,205.81,202.51,-69.172,140.82,125.44,341.07,631.47,239.95,141.39,-23.159,804.28,-237.54,54.478,-87.424,-21.937,62.598,119.5,703.13,98.686,13.863,209.21,188.26,53.91,163.05,-207.4,156.5,754.21,-268.64,432.07,137.92,73.343,310.27,310.29,169.89,232.59,-66.97,553.54,-9.8379,280.73,120.65,362.43,422.85,76.093,230.84,580.82,302.34,154.09,849.25,-49.637,106.74,457.12,88.357,813.11,637.15,429.04,78.672,115.74,0.38624,59.134,290.19,202.57,706.81,-323.75,-172.43,171.5,253.8,247.87,112.16,492.42,43.509,411.9,499.87,92.834
-78.834,-172.42,-197.05,-451.74,-681.43,-835.88,-1052.2,-425.66,-207.35,-464.82,-614.31,-187.92,-334.89,-704.71,-626.92,-291.22,-72.018,-453.26,-466.91,-555.66,-249.75,-187.51,-434.09,-633.73,-228.44,-330.1,-1021.5,-141.1,-207.46,-435.7,-173,-501.78,-353.4,-110.84,-266.98,-45.229,-634.16,-718.95,-712.37,143.33,-404.12,-865.14,-297.86,-676.33,-613.98,-600.38,-319.35,-571.02,-215.73,-145.05,-415.14,-262.42,-240.29,-170.17,-573.75,-448.19,-462.58,-431.13,-807.4,-634.06,-389.11,-31.321,-499.02,-571.06,-384.74,-273.84,-244.56,-328.39,48.743,-460.94,-244.01,-686.63,-253.81,-334.87,-877.56,-390.93,-522.54,-978.94,-581.2,72.818,-43.585,-644.27,151.1,-397.16,-660.19,-482.55,-827.96,-374.13,-962.94,-560.77,-504.08,-932.85,-393.06,-329.99,-255.67,-90.358,-629.84,-225.15,-364.9,-620.08,-580.03,-43.892,41.173,-199.92,-332.06,-247.58,-272.84,-255.83,55.598,-245.89,183.36,126.65,22.704,-315.82,10.027,-1072.7,-171,-380.23,-731.52,-458.35,-421,68.918,-766.48,44.119,-515.55,-339.33,-122.94,-350.14,-331.99,-90.36,-494.57,-352.41,-911.84,-733.62,-268.93,-44.822,-51.617,28.872,-367.36,-307.35,-762.83,-300.87,-340.49,343.01,-994.22,-613.37,206.23,-55.628,-765.48,-333.05,95.396,-912.27,-520.16,-385.34,-786.2,-1242.8,-22.471,273.94,-27.051,-623.58,-351.4,-490.06,-517.11,-738.48,-733.68,17.879,-39.489,-644.12,-769.07,-415.21,-456.24,-692.38,-288.61,-963.99,-290.9,-99.378,-352.8,-645.05,-50.352,-429.01,-861.16,-115.52,17.811,-129.96,-205.38,-653.35,-320.14,-681.43,-546.95,-1182.5,-863.12,-247.91,-455.18,-670.65,-240.72,-410.46,-390.69,-285.72,-403.26,-446.02,-757.72,-866.33,-564.38,-100.46,-492.15,-323.95,-173.86,-50.133,-427.51,-193.39,-252.85,-281.3,-491.84,-559.72,-95.624,-350.66,-57.475,-64.26,-438.43,-233.33,-135.52,122.44,-402.03,-364.03,-433.05,-599.43,-541.79,-342.79,-814.62,-470.38,-318.57,-603.36,-665.76,-505.76,-661.13,-210.47,-460.91,-1069.9,-546.3,-1004.3,-1069.9,-547.25,-709.86,-556.31,-546.5,-820.49,-570.13,-300.12,-370.25,-345.33,-627.84,-326.44,21.694,-106.42,-414.07,-326.68,-1150.1,-228.67,-102.06,-112.62,-751.27,110.24,-501.91,-461.71,-424.25,-374.88,-503.8,-626.02,-245.73,-389.44,-556.26,-1149,-761.03,-88.398,-242.25,-261.43,-564.12,42.588,-660.86,-543.61,-205.96,-165.25,-796.06,100.56,-406.04,-515.37,-469.55,-174.52,-402.94,-473.67,-398.08,-712.58,-344.79,29.112,-205.58,-871.76,-554.32,-694.26,-295.48,290.12,-217.97,72.888,76.978,-786.23,-273,-290.92,-1070.1,-525.58,-557.46,-34.958,-533.38,66.955,-551.17,-252.33,-82.167,-602.13,-452.38,-104.83,-670.87,-602.09,-231.48,-83.094,-166.35,-173.96,-431.86,-626.1,-196.44,-275.82,-463.87,-1056.2,106.2,-351.4,-593,-439.37,-833.31,-376,-36.221,-330.59,-370.95,-508.96,-490.56,-660.82,-540.44,-117.05,-496.43,-347.59,126.07,-16.151,-426.62,37.718,-275.6,-674.87,-564.26,-721.49,-322.83,-927.59,-362.27,-385.25,-410.67,-803.64,-538.72,-273.51,-430.18,-246.82,-122.64,-858.48,-511.62,-434.17,-481.82,-162.96,-1138.8,-247.69,-342.65,-281.1,-144.85,-973.26,20.641,-415.9,-343.5,-311.68,-152.23,-474.13,-848.95,-633.57,-302.31,1.6602,-436.52,-418.2,-270.7,-547.03,-154.99,-49.093,-887.02,-493.97,-549.29,-371.16,-566.53,-994.08,-421.69,-281.6,-602.81,-453.8,-692.22,-561.72,-678.74,-756.23,139.09,-570.03,-692.97,-558.08,-1010.3,-272.68,-410.41,-250.57,-694.61,-901.14,-16.621,-106.37,-264.26,-302.51,-451.74,-585.93,-499.58,-906.78,-507.41,-553.09,-180.79,-534.57,-405.16,-255.13,-633.38,-841.46,-445.57,-337.29,-307.19,-1056.3,-419.65,-255.53,-99.131,-200.79,-156.08,-672.59,-209.32,-493.43,-81.125,-334.05,-540.82,-123.45,-523.96,-354.37,-447.47,-203.26,-584.65,-467.66,-880.64,10.178,-730.13,-244.35,-644.54,-208.58,-349.22,-405.44,-206.78,-69.33,-980.88,235.62,-657.34,-905.27,-141.45,-444.92,-164.81,-333.57,-202.77,-71.352,188.11,-659.03,-333.12,21.041,-799.94,-353.2,-140.23,-179.9,-794.25,-406.56,-468.31,-416.5,153.57,-544.31,7.6111,-558.61,-13.973,13.82,-268.99,-64.621,-829.32,-153.61,-743.27,-569.49,-278.35,-851.8
-55.822,-43.422,-336.72,-53.901,-311.02,25.727,599.01,401.79,-481.82,-201.05,451.95,207.5,102.11,-378.24,115.79,-341.22,62.493,23.944,34.287,81.246,88.943,153.68,75.778,341.86,-494.41,283.11,135.41,-404.23,-215.87,-29.903,-7.9037,-63.243,-108.88,282.78,40.826,782.16,-355.23,-743.56,507.18,-371.17,-53.242,387.78,-279.83,293.65,37.444,-320.18,-142.22,-364.83,-266.78,-250.34,-156.31,-375.15,60.197,-34.029,55.269,-296.23,-259.8,-514.61,168.72,-580.68,-0.62018,-379.52,296.64,-449.51,204.7,-185.44,-461.68,51.837,-372,671.94,118.92,-14.757,-303.09,-185.68,31.315,-218.51,-393.7,-396.36,-219.27,-132.17,-86.699,431.18,189.42,-355.34,442.69,-414.82,209.69,-126.26,-53.074,518.76,331.97,-175.22,-32.942,371.65,-176.55,206,172.58,-119.24,-176.38,318.77,330.84,76.627,91.499,-443.53,510.79,-148.88,-528.03,-30.271,-134.03,-296.31,-143.9,107.61,56.825,-292.81,-49.188,129.56,-9.6024,-346.03,-360.27,-227.69,333.28,-228.36,225.77,122.62,482.18,154,205.94,452.96,-112.84,73.471,372.87,5.5435,407.1,-282.36,-2.9727,79.961,-0.26059,-425.82,35.512,-334.86,229.79,30.88,280.23,-341.24,465.63,390.14,6.0906,86.28,414.09,-73.486,-223.64,753.43,70.873,-88.903,193.58,342.71,-140.74,-242.92,-307.99,-223.03,85.936,-275.22,145.92,322.97,531.19,-74.931,28.62,-52.914,-60.129,167.42,214.39,192.5,-205.77,375.21,-109.88,-275.72,-314.91,-69.179,-203.38,-448.83,-532.83,77.502,51.305,171.87,33.398,130.46,-229.82,561.27,376.71,399.8,358.56,243.22,109.54,-39.401,-302.13,-235.53,31.941,-460.69,484.08,-432.05,563.5,339.96,463.82,-69.502,-193.38,-651.16,-249.33,9.9355,-271.33,210.28,336.07,-187.7,-510.24,165.59,-453.38,-52.829,-284.87,62.563,173.19,364.9,-333.49,28.1,267.16,-483.93,-39.718,379.91,136.22,-93.028,-54.025,209.91,-378.71,-254.91,647.89,200.28,-143.69,365.19,393.48,269.13,444.6,615.05,246.65,151.84,426.6,-10.135,784.85,526.72,309.23,184.07,292.87,-135.3,517.89,201.18,225.9,-104.27,-103.81,230.24,-150.77,129.94,-346.78,-97.624,-468.34,150.18,426.57,507.31,184.61,-326.9,-581.67,660.43,260.77,-416.57,186.24,319.06,-192.89,355.2,-156.7,-74.276,539.09,-52.282,233.73,558.19,-154.66,-110.77,36.007,15.888,-277.15,280.5,-21.109,-444.18,-342.71,-150.92,307.59,389.5,-154,-176.44,-320.84,261.34,233.7,653.98,6.1896,58.875,-238.65,-454.54,-23.454,-545.95,336.39,-213.74,373.82,-368.9,-278.47,-423.01,493.18,-25.563,-230.99,186.86,109.95,-229.96,-814.61,-153.02,377.14,-246.83,-291.84,256.76,115.71,-26.159,-559.37,532.08,8.9707,-257.56,-34.314,395.4,-231.99,-444.16,-49.481,229.23,57.206,309.28,277.96,-41.477,655.79,-198.94,166.37,134.21,5.204,73.125,269.97,-119.83,-37.594,279.32,182.17,-51.906,-2.3224,-616.65,46.727,606.55,104.16,449.65,-669.17,483.14,-82.84,-283.83,-170.81,288.99,-212.26,-84.745,0.74629,441.45,-294,162.69,181.44,69.612,291.38,-28.6,-80.273,-485.42,-106.39,138.6,-405.78,-860.69,98.111,102.68,439.5,-13.804,33.902,542.52,-327.79,-176.89,36.387,-617.69,347.51,-193.4,-95.937,-168.21,381.48,115.95,128.77,58.759,-114.88,635.62,-218.12,-213.48,16.204,-216.14,297.37,246.31,463.88,-197.4,-239.31,473.17,-144.7,74.966,164.72,125.89,-15.081,487.92,227.47,53.849,211.1,-145.58,-21.399,-36.504,-354.56,414.54,212,65.319,126.49,610.35,-216.24,182.26,-305.89,688.93,349.52,74.357,-280.72,243.78,231.55,528.4,271.44,-178.41,-443.68,-409.86,238.53,302.97,353.9,295.93,-407.32,207.21,-367.23,-411.05,423.3,-425.24,272.43,441.47,-213.75,197.53,394.1,74.334,39.668,304.12,414.1,-123.19,89.922,-246.92,-474.08,52.527,38.116,-287.72,70.929,151.39,-27.499,449.77,-239.68,356.54,71.275,170.61,24.524,343.14,-407.74,-518.42,112.55,27.52,68.076,-243.88,-114.93,-84.889,124.14,426.26,-119.98,-103.81,-158.66,96.817,-33.12,-102.02,158.62,-206.35,60.84,415,589.19,291.91,17.196,559.06
-218.5,274.68,-40.862,53.223,376.62,228.6,589.25,624.82,95.634,122.17,378.94,320.71,555.66,602.34,580.54,99.671,323.56,295.29,427.76,476.08,66.878,127.79,-229.04,362,314.39,-10.157,-65.466,610.11,82.683,-15.801,-54.226,-116.17,-73.277,-206.8,34.218,357.75,138.93,159.97,753.04,555.81,42.579,753.97,-257.02,319.79,-0.085637,60.739,69.472,205.18,42.648,-23.811,42.735,86.31,172.76,-284.13,-356.62,411.08,277.62,95.857,713.6,266.48,767.82,-228.74,573.43,634.21,323.2,-286.58,330.83,384.38,87.832,13.893,457.78,462.72,29.656,332.05,260.65,-12.086,192.6,633.35,342.94,57.096,146.51,171.25,3.498,105.7,190.73,305.4,348.05,-247.44,460.75,266.42,117.13,386.2,143.3,-119.31,-8.1271,-224.75,258.64,27.995,304.55,-249.27,-110.92,239.64,249.46,238.91,-69.044,609.05,479.6,-3.6832,589.93,-347.23,204.09,-231.59,-255.6,375.61,-8.8292,654.91,-181.11,791.88,-375.2,-40.35,558.49,150.94,608.98,104.87,104.77,-242.73,-216.6,-78.483,-291.09,-37.454,-144.31,62.71,995.12,240.31,142.3,-99.496,-235.35,184.44,123.48,115.08,597.85,-334.4,62.895,327.72,549.05,253.02,504.8,287.24,197.63,-243.8,57.648,268.47,243.28,0.56758,541.42,189.03,284.77,48.528,298.94,57.991,20.402,219.41,6.8606,-274.79,516.53,-143.55,116.36,379.19,-186.82,216.45,30.119,17.333,184.85,166.43,53.166,-177.62,-331.62,429.95,-39.955,393.3,657.31,-61.304,595.05,14.425,-46.768,72.425,719.75,329.64,120.99,723.97,421.76,743.78,166.07,376.42,247.26,-5.0525,-121.46,-23.176,-176.86,213.39,-226.01,1026.7,809.58,19.689,625.54,315.81,4.2201,561.28,-61.112,-363.56,511.63,164.68,241.97,-58.709,-367.96,-208.46,-91.277,304.75,42.147,91.512,457.46,48.261,604.55,542.45,-16.685,-21.628,-343.49,202.89,695.84,353.73,-204.19,-233.38,41.858,499.36,248.27,-7.6524,112.32,595.7,295.29,198.12,778.96,-82.308,207.65,753.72,558.33,846.74,261.7,332.72,584.37,586.29,403.5,136.62,-136.39,-184.29,457,6.2218,-64.09,13.261,866.97,965.01,583.78,74.097,215.91,147.63,-16.971,57.261,-64.85,188.31,-350.91,281.11,245.85,493.86,-172.56,-94.449,-25.452,373.64,-147.64,103.07,-5.1954,537.72,361.68,92.991,377.13,-54.967,-142.79,169.99,217.58,423.56,-64.489,-179.23,-21.357,395.29,253.12,-265.74,-34.921,728.5,302.59,36.818,237.92,17.432,-263.46,639.33,327.78,151.55,171.6,247.68,278.78,380.48,-105.88,-143.13,278.63,-167.11,549.57,-53.286,131.59,123.52,284.32,-163.28,552.04,739.03,-132.83,381.8,-162.31,-135.62,234.04,24.346,155.46,-110.12,869.04,138.56,742.03,428.28,607.96,-226.87,589.68,804.6,11.37,-3.7986,311.09,-210.2,-93.157,-261.53,35.418,-223.96,404.87,268.43,705.02,246.34,474.89,176.82,403.74,306.2,10.119,-152.55,-82.338,628.66,-49.059,-171.6,-58.678,346.01,345.85,615.38,381.57,323.66,-89.211,418.8,17.836,213.71,558.79,4.0289,854.15,35.838,315.58,429.05,-148.3,704.77,211.47,-6.7076,-157.81,-37.875,600.63,306.54,525.83,325.87,137.29,232.83,152.77,184.99,-277.14,239.51,-189.99,-175.25,-460.29,18.332,18.311,-136.01,-164.27,226.25,-82.036,101.03,164.66,-32.132,460.24,579.2,-58.676,169.11,480.53,62.29,340.82,310.91,913.65,-281.46,-23.428,-392.17,331.61,269.06,201.45,349.64,4.4022,251.02,6.213,586.28,111.83,475.34,699.33,-125.36,16.752,158.85,408.67,552.89,619.26,503.07,225.94,-81.599,-244.59,512.38,510.99,-507.94,399.02,-71.688,102.02,329.7,378.32,460.9,6.7001,199.12,371,357.24,-74.493,468.36,297.35,80.336,312.69,237.71,563.75,117.03,126.61,810.42,42.564,-313.02,381.79,-266.81,221.13,-14.471,840.28,-147.25,-449.66,662.29,-277.78,161.37,-126.27,-146.4,303.86,361.37,-212.43,124.77,155.76,87.423,85.075,-150.07,213.35,-3.6964,606.65,107.14,94.241,631.06,145.84,256.72,248.65,478.78,415.34,74.619,47.8,-325.23,543.9,148.09,605.31,174.96,206.83,-13.863
729.95,11.788,232.19,95.588,-256.15,36.68,365.99,79.457,303.61,93.071,-178.86,647.88,-118.99,427.82,-204.08,289.33,-65.338,455.35,49.715,41.045,231.34,140.24,328.59,-228.45,396.22,-7.6434,146.58,224.71,434.54,581.39,368.06,436.11,410.14,672.76,-84.45,492.43,236.17,-310.03,-59.599,402.51,589.43,57.022,233.45,150.79,-189.62,148.55,-182.35,547.72,264.95,503.76,344.06,680.03,189.14,317.27,13.887,260.18,203.56,340.66,90.646,99.661,40.523,359.06,-99.455,-35.798,-197.18,215.41,570.73,79.003,571.7,425.9,262.05,-45.062,492.39,142.77,351.45,73.637,197.23,23.589,156.7,583.73,806.47,23.358,508.89,298.34,285.69,90.836,161.68,522.2,216.69,205.67,574.08,260.09,610.17,159.23,160.72,870.29,157.47,1.9097,181.49,405.79,478.5,295.42,1049.2,498.57,393.8,160.26,-53.61,651.89,811.73,589.95,-113.19,493.95,472.93,444.61,171.11,307.57,564.67,234.34,271.82,611.16,129.97,200.94,-58.522,581.27,-44.27,-117.12,620.85,265.88,228.76,324.57,438.86,355.1,164.61,409.94,32.86,476.69,524.56,354.43,8.9601,388.68,242.99,685.47,497.33,311.08,170.29,156.04,498.53,261.46,-18.499,458.94,246.53,94.412,224.19,329.28,300.44,256.04,-52.374,113.63,731.32,28.699,-32.447,412.33,-46.359,306.1,326.41,668.51,548.92,386.42,121.43,347.74,125.29,365.71,73.086,586.72,-117.5,397.43,730.24,56.615,90.196,529.56,24.243,777.89,476.65,192.73,819.27,98.678,64.918,380.09,334.39,119.73,171.36,306.39,95.681,27.554,17.33,401.9,251.01,494.83,300.07,444.37,377.2,161.01,7.3739,164.75,551.66,-31.18,238.72,35.043,652.42,232.82,627.15,350.91,118.93,62.774,305.09,539.37,16.344,147.75,160.16,-143.98,334.73,354.72,-21.599,138.27,370.31,-9.3692,793.39,473.68,134.81,83.935,520.46,617.24,381.28,115.97,326.11,-333.68,203.57,57.385,69.843,208.14,492.02,158.85,497.96,89.73,646.28,212.33,-13.768,-386.52,-190.57,-93.166,220.01,-191.29,528.8,730.7,398.1,573.73,138.6,311.3,78.054,-214.87,-117.64,327.13,341.39,460.68,155.94,726.59,2.4132,276.24,295.34,504.43,145.06,-53.942,19.542,408.21,464,-192.64,532.9,630.27,200.09,280.12,291.86,501.43,192.08,581.55,359.27,183.77,150.28,282.43,19.805,223.3,300.6,117.52,365.84,519.55,339.42,1.091,81.435,180.92,475.89,367.93,247.88,70.236,473.34,194.01,32.423,443.29,498.65,215.96,544.57,410.66,54.229,699.02,34.085,92.008,-4.7511,407.48,211.79,482.05,264.08,-129.84,149.13,-23.879,574.33,305.69,372.22,357.88,78.877,63.241,-178.05,590.61,434.13,344.24,234.68,-185.9,69.976,315.19,214.69,187.46,683.56,154.84,333.14,298.62,268.4,383.25,106.65,124.81,583.19,210.05,191.3,184.82,73.653,194.86,85.71,519.13,-19.612,515.5,220.36,407.28,318.22,-253.48,265.47,310.19,-52.392,566.59,561.21,-411.13,415.92,265.42,323.78,203.6,-106.65,228.89,468.96,82.228,657.28,109.62,494.61,180.59,71.802,758.78,315.31,174.04,371.09,19.24,400.03,202.91,134.08,187.26,416.01,316.66,193,500.17,598.98,367.54,321.97,294.65,-189.59,452.1,497.63,-129.32,632.13,647.46,-103.63,389.52,393.12,193.89,-44.605,167.41,424.15,540.99,306.59,-143.9,-180.38,483.42,41.852,212.72,486.04,516.49,467.82,643.52,166.95,-48.707,154.06,264.55,-167.05,337.02,552.23,48.175,272.65,367.8,59.926,-108.36,263.51,390.58,627.75,306.89,-163.68,628.62,-130.38,503.52,298.46,-143.13,234.75,-10.57,159.38,12.397,151.49,246.54,299.08,148.58,169.04,-141,263.29,438.48,148.94,651.3,201.14,-111.21,134.59,568.4,-302.64,-26.572,541.72,270.86,26.028,590.43,346.5,29.454,556.82,101.09,-88.798,313.47,475.16,266.97,482.36,565.21,242.05,338.55,238.75,358.11,69.427,434.5,257.79,226.6,-37.909,142.97,649.92,161.79,538.48,177.36,435.25,409.72,-59.947,178.5,151.49,803.13,34.617,268.97,437.4,225.95
74.631,-63.809,245.9,106.31,-341.53,2.5023,430.74,-29.983,-98.779,-72.848,-99.215,104.81,80.891,-190.19,-287.29,103,152.31,-226.35,-280.55,-149.24,-164.97,91.897,-234.28,18.128,-23.87,166.23,538.93,233.49,-297.6,-360.82,-138.79,-192.16,-405.26,374.24,73.294,61.899,-13.024,128.79,88.782,56.231,-109.9,-170.31,-135.44,-256.64,-199.25,11.588,53.982,-421.89,21.473,-31.4,-261.58,-89.03,203.73,-24.391,211.1,288.47,13.718,116.93,-238.96,245.39,-6.3352,-298.45,35.916,164.8,-173.58,3.2063,-40.776,-68.284,7.2672,-131.45,7.7972,98.185,-276.3,21.562,280.06,1.0025,-129.84,-153.17,30.012,-273.68,216.15,-46.91,210.43,296.58,-362.92,-194.98,446.36,-211.59,27.007,19.073,-118.09,470.39,-253.82,473.66,-194.76,-211.31,-11.332,-62.074,-124.19,-22.289,-144.07,-172.07,-121.98,-43.537,-47.684,-150.94,-15.381,76.863,27.58,-18.039,177.28,299.7,222.9,-132.36,237.63,-376.43,-192.51,-121.35,-31.122,-326.5,71.531,224.55,-332.94,99.949,-220.44,318.3,94.835,208.98,-324.94,389.03,179.53,-116.45,-55.057,32.771,-163.96,217.93,-114.51,34.054,-72.479,-204.06,-132.2,-67.018,305.43,198.94,275.97,18.865,0.62772,106.18,315.03,-160.04,-206.39,-255.52,101.84,-118.54,-472.97,71.65,206.12,-132.13,-202.41,-114.32,-24.928,-283.26,20.743,-84.918,339.27,16.867,71.371,-65.069,168.43,76.804,12.752,-204.88,-214.64,-10.01,-123.17,-290.16,241,-116.87,-10.341,-304.48,321.18,72.724,107.86,-96.798,-333.76,-154.6,21.014,-239.35,-244.76,175.88,-325.58,-241,2.3625,-39.32,-5.9981,-200.75,3.2603,-68.662,-48.174,100.3,-206.66,151.32,-489.58,174.54,26.984,-47.643,-186.85,-112.94,-311.07,157.72,85.56,44.982,-466.75,549.37,-31.638,-202.97,-384.32,148.85,-62.603,154.95,187.93,-179.89,-406.39,137.61,-168.26,22.531,363.28,-225.94,-169.41,-191.11,-107.21,-188.22,-120.26,-250.77,-182.86,353.26,59.56,153.62,-185.57,106.75,-186.73,-65.83,136.01,-187.81,-392.6,-176.25,-126.38,109.92,-54.042,50.715,-61.171,273.49,129.78,-128.4,-336.72,229.14,299.21,-260.29,124.2,-61.737,367.4,289.81,364.77,111.86,-41.642,-267.36,178.9,298.59,58.876,-168.05,-273.64,-90.17,1.6363,199.83,-101.73,199.11,23.232,15.54,-13.106,75.931,-200.5,-29.038,-221.74,214.68,-75.525,-3.1375,-27.518,376.97,-33.326,-79.164,58.568,-444.53,-170.85,-218.47,-210.56,551.7,-182.93,344.19,-279.57,186.54,-382.92,127.88,456.56,-49.449,105.97,-252.56,-394.43,-67.133,154.33,-300.48,-87.861,-166.66,-39.675,14.25,231.29,-330.79,-58.891,-102.06,-215.91,209.53,-182.24,302.24,106.99,144.03,-23.469,-74.907,-130.73,-47.739,-361.55,-282.8,174.67,-182.63,-119.75,238.32,-296.84,75.641,302.56,-73.194,-132.48,53.684,254.47,-183.79,-139.58,-73.212,-62.73,-258.64,-0.012756,137.55,0.026212,152.42,293.2,-178.57,293.63,-327.69,-6.852,521.94,-104.23,23.721,-113.86,324.12,102.35,-51.031,430.76,-170.61,31.698,-11.373,-76.852,-172.76,-392.12,-48.235,-199.06,-180.93,-245.28,-97.401,-350.14,-99.613,-41.215,-19.743,89.484,-26.64,614.65,-206.04,-75.136,64.296,-140.06,-54.764,-215.35,-0.88026,-128.31,2.8015,-134.86,83.431,192.16,-88.083,-144.29,151.15,196.59,-162.42,-193.59,-358.83,257.92,-102.32,101.34,-272.64,-310.06,411.05,48.048,-171.84,-189.31,-302.05,117.26,80.408,62.701,172.97,-349.81,111,403.32,-26.258,124.49,155.21,21.623,-7.8036,-70.153,221.86,12.857,68.158,-279.23,53.162,42.158,-96.903,141.45,-108.94,-106.85,46.613,-42.748,-401.88,190,125.54,261.12,-142.59,182.37,216.34,73.079,34.252,-223.75,-228.18,-59.935,154.3,-128.87,171.12,-177.25,227.32,-206.69,-194.42,-355.84,98.518,146.05,-278.95,-92.724,149.8,331.95,49.113,-238.58,-238.75,346.65,166.49,64.565,-363.92,-163.89,298.77,-8.5868,-77.542,572.11,30.026,202.91,-226.78,-65.282,-24.657,129.48,288.64,93.495,-125.58,-412.77,-105.45,-272.18,19.055,-68.611,-263.44,20.109,-324.13,-198.6,-111.21,-104.87,29.147,-612.37,176.66,32.41,-101.23,-209.09,-203.62
286.36,155.39,519.46,196.76,334.46,393.74,-217.16,-212.91,31.739,0.62549,-52.458,47.604,3.7604,155.29,153.02,-102.77,356.89,351.12,282.44,-218.89,17.266,363.75,308.83,-501.25,6.0727,-53.886,109.48,732.74,364.23,308.27,481.96,218.64,228.72,309.87,-45.282,12.175,73.768,227.48,-112.35,238.73,-80.237,-30.821,359.51,338.69,177.95,30.525,265.1,96.172,265.91,452.75,403.33,200.74,449.3,269,139.14,299.91,547.66,441.55,72.638,-88.32,-16.207,286.47,25.656,242.78,-268.32,657.89,61.79,560.56,432.91,-411.41,301.37,348.61,335.99,221.07,272.43,294.34,298.14,-77.832,128.18,241.26,522.11,-436.48,399.52,176.26,76.748,467.33,195.08,335.86,498.63,-149.45,-15.44,347.23,69.288,288.59,559.93,441.31,-271.52,439.9,288.75,306.75,-87.001,359.36,194.07,70.127,-58.066,0.57761,301.47,443.68,385.52,494.73,363.16,388.88,166.91,402.67,60.389,-125.39,277.69,-56.857,-172.14,192.78,25.918,433.01,-356.7,107.96,-371.62,-401.11,362.15,-281.46,303.15,315.97,-19.885,202.21,-100.95,-70.42,295.52,692.42,423.8,264.2,148.64,441.24,-113.99,158.02,561.72,720.41,-30.93,-215.15,-133.45,119.5,-204.77,233.53,-0.55881,-246.55,-13.09,326.84,-120.91,508.62,427.38,-9.1635,356.65,-660.2,156.97,494.17,218.08,-491.51,-348.9,335.52,480.08,463.98,395.48,409.97,-57.178,220.82,302.39,-584.39,332.16,524.54,107.67,-102.78,371.73,84.82,269.24,371.96,592.53,66.717,71.479,-153.9,-116.76,-27.365,-115.73,31.47,-152.5,65.607,425.93,222.24,430.72,235.62,461.31,207.4,-23.428,95.61,-262.36,-14.572,-256.82,224.44,-162.8,31.404,2.1896,48.088,100.52,211.34,594.72,140.72,-207.68,145.61,119.27,483.74,161.12,264.68,105.37,-192.67,-117.92,-24.863,-46.857,65.847,355.59,-348.56,301.31,375.7,79.405,136.59,4.2759,-76.167,-158.21,190.83,383.07,-152.67,0.56719,-112.65,63.808,-313.58,-220.46,419.96,-262.29,-27.728,-391.7,-414.21,-115.43,-366.53,-74.122,25.971,-128.72,-279.98,406,120.59,227.39,481.56,182.51,402.67,-24.157,36.567,516.56,525.74,127.69,10.947,152.85,134.67,67.021,-514.87,-237.27,119.57,141.82,5.5949,284.05,-86.789,428.81,255.75,-89.379,388.86,230.1,-84.511,-97.769,271.41,217.67,368.93,103.63,32.08,177.47,489.25,429.62,225.48,336.5,-52.437,276.1,141.28,474.01,59.639,140.27,-14.885,381.2,331.54,353.71,208.27,221.05,-131.51,127.56,149.5,-244.94,36.939,311.93,492.41,-331.89,256.13,6.6288,-3.0508,156.64,117.36,-83.932,165.62,109.61,52.493,73.353,344.5,410.61,251.91,-81.063,-44.212,186.63,414.42,-151.82,-18.762,683.65,474.11,178.46,-275.29,-210.2,305.03,449.52,433.04,53.224,474.68,54.18,-421.04,356.55,321.37,138.67,63.425,490.44,172.28,183.97,311.55,223.97,397.93,199.95,-120.54,220.67,-449.13,128.71,245.16,402.18,-47.378,382.08,-48.929,272.86,348.68,306.81,-95.021,288.5,2.0374,-246.33,337.28,-144.76,350.71,80.458,173.56,279.87,170.32,697.21,172.82,348.02,645.71,289.56,192.72,-46.618,-459.2,-58.766,261.22,607.71,-51.569,151.37,401.67,289.21,420.04,-193.85,56.088,120.98,106.09,80.609,-84.871,249.22,644.68,178.97,283.74,-144.23,135.86,163.18,270.81,490.89,135.32,95.894,405.12,-62.972,-244.09,-9.9595,248.85,260.96,213.53,218.03,499.48,471.02,345.26,78.457,-123.65,226.93,119.01,31.501,-323.77,329,467.61,471.71,-136.66,56.111,101.05,-16.509,134.57,-202.92,-4.8716,-108.77,83.536,199.03,-59.907,496.99,317.36,159.49,102.77,485.65,16.386,95.676,542.19,-245.83,116.66,92.257,75.686,100.99,282.02,-328.9,363.55,-304.25,-148.43,-456.37,-29.32,153.61,481.01,261.66,123.75,58.259,466.63,-672,153.29,28.724,155.02,260.28,53.405,172.25,191.95,451.97,-369.01,567.89,350.94,147.76,37.415,311.3,46.876,30.536,132,-309.47,-131.51,294.33,200.16,644.34,-190.7,-39.768,309.58,133.71,291.68,25.655,182.28,-7.721,35.8,100.88,-123.16
53.246,174.75,-11.737,-46.485,-101.83,30.027,-318.9,-271.29,-21.228,34.244,-88.634,203.51,-181.14,-73.935,35.968,143.49,275.36,122.34,5.5516,-57.058,340.83,166.99,215.13,-74.338,176.79,293.76,-83.537,188.04,344.44,473.79,109.36,87.386,-203.7,-169.12,446.12,-63.299,-92.874,96.477,-236.15,368.1,454.54,-380.78,343.64,187.11,428.81,-25.468,179.83,7.55,69.93,-69.363,144.74,321,373.61,-213.7,230,-231.02,301.85,193.11,-294.05,-59.093,-40.245,-63.561,-211.64,50.319,166.63,204.77,173.5,401.92,251.63,-4.2155,111.69,-3.0212,73.152,158.44,344.13,-73.002,274.53,-159.81,266.3,307.81,-176.44,-133.48,264.57,141.13,60.092,356.52,-47.48,-86.613,227.33,-61.943,-105.58,253.96,128.63,-159.32,392.18,-29.345,-160.91,220.05,333.33,171.93,-70.895,82.086,-64.948,109.13,281.1,73.906,307.59,-288.69,-187.38,86.943,100.79,63.799,252.05,319.7,8.1466,127.65,139.29,277.53,370.74,-51.157,-6.259,133.7,-319.36,5.3372,-212.34,157.34,300.65,187.18,291.11,237.86,42.419,-3.486,-336.38,120.09,216.29,76.991,34.425,73.266,139.49,187.4,-185.43,-237.46,104.34,-15.342,-88.734,-187.79,207.29,147.16,-368.84,-27.268,29.854,-79.356,-46.281,288.02,-126.47,366.09,706.77,129.77,-238.51,-47.792,114.34,165.94,-90.429,-97.86,-394.35,136.97,120.98,271.88,21.942,225.33,159.19,261.92,384.29,187.36,176.21,-72.912,-3.0075,-188.29,230.2,345.34,-177.28,-208.77,147.38,70.435,213.1,84.975,5.7259,-181.92,-83.518,-454.18,-396.86,-265.11,112.38,52.567,145.77,63.946,394.2,259.62,327.04,30.279,161.16,-121.96,-107.68,50.604,265.9,9.2554,43.39,-6.8435,469.33,249.45,152.99,236.99,335.42,158.37,6.7394,-8.0776,82.317,155.79,230.76,-224.23,-127.97,75.821,-92.413,-181.87,-118.33,295.51,-362.39,74.616,-273.97,-192.18,149.29,252.65,-115.1,90.551,197.72,-86.06,297.73,-346.33,134.42,-331.58,-40.735,404.64,-77.508,-19.348,-111.33,-471.26,-161.15,-148.62,-505.28,-56.392,-301.43,-170,115.52,11.377,34.404,193.22,-462.77,43.465,193.51,60.677,-196.49,240.1,458.48,-49.896,209.98,127.77,362.22,-410.75,-45.907,322.34,11.846,-256.26,359.2,44.992,-282.88,78.166,60.18,213.84,-231.37,-365.3,-6.5015,227.86,58.455,199.04,82.914,452.46,-183.56,82.493,186.7,-5.8612,287.3,-158.67,436.34,285.82,115.45,-259.3,17.711,94.161,91.096,94.27,192.74,238.21,94.25,285.52,-458.13,259.38,-297.3,31.634,-413.86,397,-134.61,227.23,78.076,411.08,166.28,408.99,253.81,220.15,-133.95,-345.01,405.79,1.3788,113.16,86.365,114.12,-55.364,149.25,56.398,-88.396,-258.2,0.83549,335.66,226.04,139.16,35.716,-683.68,111.12,135.73,92.913,295.87,-3.7351,103.63,51.424,216.79,-202.91,360.15,72.472,122.54,197.8,205.91,-37.415,405.11,-285.29,62.173,365,-44.597,238.43,224.8,39.642,-209.19,128.71,-154.5,129.82,170.35,262.25,-283.05,-197.5,271.4,108.97,110.86,-432.43,319.73,178.56,360,162.64,-203.52,-71.991,176.49,294.29,176.82,141.14,-56.268,204.35,-374.73,191.52,263.69,345.4,0.61295,73.621,110.28,308.35,64.523,-233.95,107.53,-29.902,236.47,558.13,-135.95,182.99,-97.447,-279.59,-76.297,-29.574,-175.15,17.874,-355.23,252.26,172.07,189.95,92.375,-316.09,370.19,135.53,207.39,-119.26,-216.17,227.6,262.86,51.676,-41.27,222.71,-261.26,328.3,-91.176,-141.7,-111.69,466.7,128.62,490.14,438.27,-128.64,-223.99,175.92,-69.785,-64.042,-173.16,-355.37,188.41,49.428,374.55,301.34,107.02,-194.36,101.78,72.393,-222.43,-91.753,125.13,333.59,10.185,67.917,-185.56,40.963,397.25,-0.31858,38.645,-357.98,-64.362,-46.213,246.71,-391.43,189.68,450.17,65.997,-244.47,-19.172,29.715,42.111,138.47,-93.642,100.47,242.13,-359.21,94.876,111.46,10.598,109.79,-57.891,-476.76,350.54,146.45,311.9,314.42,103.31,-26.416,-142.76,202.46,299.43,15.317,33.478,299.57,242.66,-64.846,-182.76,-176.98,-52.089,-19.511,41.85,6.7795,171.23
329.82,238.48,-504.98,-325.62,168.75,-200.74,-97.267,271.41,-187.93,609.14,-35.28,109.7,85.355,309.54,-97.112,246.09,-725.15,282.8,-80.62,518.48,161.89,-338.39,246.85,76.481,365.69,-77.449,-284.26,-354.79,199.86,51.257,-239.51,370.96,146.57,-177.65,137.41,42.291,286.36,88.992,-51.6,-135.63,-53.387,42.837,-332.84,148.52,-413.52,559.39,50.119,213.63,-166.03,5.8346,186.27,293.66,-702.87,-57.698,228.32,202.08,-235.34,271.01,121.98,170.36,220.19,-215.37,178.1,19.882,-46.611,-254.11,-138.45,69.292,134.86,-94.247,-41.275,120.28,-375.39,189.16,-413.27,-13.807,-203.63,343.83,-51.915,198.48,36.925,228.86,-399.06,-369.16,-153.39,-138.31,-482.48,234.82,-134.85,264.26,-279.08,-178.24,403.47,-204.61,-33.728,278.59,-151.66,-24.879,236.64,-177.94,161.92,-172.82,47.71,-159.67,-281.67,614.36,164.62,69.53,-204.62,15.156,-286.22,-456.63,-216.08,420.17,186.06,233.28,242.79,323.65,437.39,-9.256,-199.39,-445.53,453.92,228.25,-38.078,-5.644,-12.347,125.58,-43.638,-177.13,-65.668,216.82,195.13,470.02,-40.684,-199.95,100.84,-227.02,-255.2,211,524.81,204.05,-25.031,-288.11,-199.12,-279.65,-135.55,-213.98,-24.306,12.244,-24.28,330.76,-558.2,17.017,-131.09,66.187,-516.02,80.733,-344.69,10.071,-343.75,130.46,-503.17,315.18,-254.45,-113.15,-305.2,-39.363,-269.17,147.48,-62.031,42.415,-412.09,-7.4812,-58.608,200.84,233.4,148.79,-145.14,14.976,127.02,58.276,-424.24,172.27,102.71,518.2,390.37,-53.068,-442.23,-114.82,1.0296,-359.4,83.214,-187.96,66.937,-96.336,-124.4,103.69,30.117,-92.576,279.37,92.328,-188.83,-139.72,-322.31,-7.8098,156.93,32.077,512.93,113.69,-350.78,422.58,454.82,-209.29,31.383,177.66,-109.4,-25.857,129.31,-101.27,194.72,249.01,-12.963,215.05,163.31,123.91,381.68,180.22,44.578,-103.37,288.85,468.51,21.604,207.64,76.845,-103.27,-204.97,-204.6,-261.83,-281.46,-436.62,-183.65,171.03,198.74,-106.25,115.83,-120.18,-292.14,-82.012,237.61,-273.05,117.85,-175.34,113.79,-40.555,-152.74,-458.35,31.215,-95.153,79.862,76.8,-612.99,-210.95,-284.06,173.33,187.23,8.9774,-120.92,-170.86,141.79,91.887,-368.78,-347.64,-11.609,-110.57,19.874,42.018,80.09,-97.844,93.749,174.42,195.22,527.97,-155.76,566.59,-126.79,415.71,-225.99,-289.01,53.151,-107.31,43.935,100.89,154.65,-358.33,-327.9,293.32,-53.02,300.71,-153.34,72.967,-250.58,-71.2,291.48,64.596,661.04,-72.907,330.77,162.23,383.98,144.4,90.002,595.65,152.85,-311.88,-135.05,-162.19,257.3,-37.025,131.76,350.4,-199.64,-222.39,-386.37,186.85,376.28,-506.13,-262.22,414.42,45.615,-200.48,226.9,68.366,-92.44,546.14,-751.28,-587.18,-74.321,-60.091,-226.81,-311.48,366.92,-134.23,169.51,-158.89,559.42,-183.04,-130.99,-37.281,-196.58,-159.22,-140.07,-516.3,-65.116,249.05,-150.46,-193.11,-280.94,-1.4966,164.33,315.97,149.8,-356.78,229.39,431.51,-117.34,-196.07,418.58,162.49,300.9,-89.387,224.34,-96.665,402.89,341.25,-104.24,-354.23,-34.493,-42.959,56.616,-318.44,-86.151,-213.26,-8.1009,28.377,-213.06,102.73,92.856,-247.79,365.82,274.35,-73.758,16.774,301.15,139.81,-63.049,-271.51,112.33,57.488,-32.192,13.32,270.58,-309.45,-97.853,68.878,-316.42,-193.91,-52.293,247.63,-138.03,339.77,-242.62,78.173,50.409,36.567,-351.87,148.37,-216.88,-587.67,2.5922,141.69,-439.99,-7.7425,-193.4,-121.2,46.674,304.8,-36.992,13.596,246.31,269.43,-149.2,573.51,-0.42513,42.865,-364.44,-312.96,-44.162,106.35,122.8,-359.86,80.324,-267.8,-151.92,103.72,-535.93,261.71,2.9382,3.0121,372.53,447.62,117.73,177.52,51.21,-308.65,43.503,-66.019,-157.84,215.39,177.98,-146.09,-251.19,211.86,207.92,-481.13,-80.984,536.06,93.119,336.66,256.5,39.526,-53.43,-109.48,-269.93,-198.18,-282.57,-109,-387.61,-73.826,-319.91,45.299,280.76,545.05,500.9,185.81,-75.408,-90.275,204.25,-288.71,-12.429,-3.8955,-1.5977,-163.67,-615.15,-161.41,-47.917,-74.659,163.57,143.11,182.22
583.04,142.9,-134.98,-180.9,124.79,-236.39,-92.386,5.2446,278.88,457.41,698.2,291.19,300.73,279,306.95,-20.805,88.318,271.66,364.72,561.13,39.477,209.08,582.75,674.18,497.03,399.68,-300.47,44.816,316.63,-67.658,242.54,-139.84,338.23,111.06,275.05,-45.111,433.85,236.54,267.46,90.438,223.13,352.57,72.151,428.58,407.1,100.45,376.61,651.01,-48.201,248.43,211.09,197.38,221.9,237.04,71.211,-247.99,-67.23,329.49,313.09,415.3,291.47,-153.07,291.37,54.01,693.38,8.5639,227.33,-186.73,209.62,231.52,431.06,134.75,-251.51,398.03,-28.542,445.44,186.03,289.47,62.583,147.35,-23.744,333.49,152.45,391.89,-24.741,-98.504,302.15,239.01,26.216,290.17,-151.21,-128.9,209.9,94.844,253.1,212.73,321.61,146.87,82.431,160.11,305.43,-205.59,84.833,282.91,321.35,271.19,65.66,244.63,30.364,54.717,238.62,4.0069,-285.43,74.275,128.23,350.07,208.38,186.34,174.01,-436.91,136.02,15.792,461.21,246.56,476,90.647,126.5,506.24,235.25,370.78,276.14,129.18,116.45,255.16,461.16,266.39,154.43,-119.16,478.49,244.56,-0.043985,324.11,500.3,-57.341,49.354,-20.997,236.13,200.54,168.11,539.81,181.24,400.34,-231.63,332.56,337.75,166,-27.748,397.43,-62.661,235.06,467.83,52.507,67.626,468,-187.86,-175.36,24.492,147.46,441.99,148.02,264.22,32.562,-132.64,-47.877,435.53,403.61,100.5,468.22,416.52,72.439,263.9,396.55,5.4353,295.38,-0.28123,195.98,241.99,708.8,378.03,138.31,514.96,558.86,144.66,127.91,400.14,9.5327,450.96,108.94,468.91,10.169,419.92,-47.573,-78.966,293.57,143.93,243.51,457.57,154.75,279.19,561.83,45.817,-12.56,595.82,239.67,91.794,-89.956,2.059,-14.056,449.21,399.33,137.6,-158.93,176.15,77.718,301.65,571.49,188.83,107.85,221.32,376.62,111.93,31.104,671.82,234.15,-7.0931,382.9,385.26,3.7188,541.15,495.48,99.025,689.12,-168.11,312.16,39.458,210.5,828.35,695.11,98.899,494.62,386.75,135.07,337.39,209.24,-132.84,274.77,5.4866,77.26,11.942,123.03,337.84,88.542,199.28,491.59,292.75,168.33,328.56,328.64,423.39,111.25,452.85,312.55,435.52,215.2,125.46,430.46,319.38,-5.0254,-53.563,130.78,506.29,280.98,484.64,258.92,203.52,596.55,254.33,12.863,-263.98,231.04,478.98,245.48,49.28,303.38,-106.71,-121.22,657.97,302.21,57.996,137.43,247.58,301.67,21.928,347.94,13.473,136.81,59.002,479.87,376.51,173.53,290.12,-50.998,433.94,312.2,224.26,-37.588,244.87,195.2,50.598,-98.808,92.665,-21.644,170.14,392.78,239.79,408.46,328.33,86.327,311.2,120.87,-177.85,-30.743,257.15,314.36,247.39,299.38,365.61,376.89,281.29,216.05,377.53,293.74,402.15,333.83,565.82,189.88,-69.674,105.01,232.65,84.216,37.703,-224.08,-200.76,331.28,474.7,-157.44,286.1,466.61,288.34,116.9,350.59,527.29,139.47,-164.54,91.43,771.82,-396.52,273.88,319.05,587.85,203.91,185.68,204.62,510.54,258,268.73,24.466,237.58,265.04,198.15,47.29,-473.16,283.88,410.59,244.57,-329.13,34.89,357.44,-93.439,224.88,268.5,124.87,298.1,369.48,238.08,494.84,50.615,196.51,32.026,260.86,-59.734,260.31,640.34,441.7,414.25,-55.638,-49.969,435.9,334.35,599.46,-112.97,367.93,516.15,393.42,185.32,-340.09,181.14,-87.446,-209.25,314.32,100.73,-69.954,388.18,-244.62,129.32,523.66,57.282,519.57,56.452,115.23,130.43,318.02,280.42,437.88,41.206,467.71,229.16,-179.19,33.794,192.76,249.99,352.67,472.66,349.75,192.22,636.22,225.79,-308.52,73.264,408.69,233.67,306.77,132.25,348.82,-130.2,305.63,261.33,288.34,568.46,-62.521,169.26,-28.601,119.71,192,132.2,-110.73,112.42,371.87,101.94,260.63,480.05,124.07,431.05,250.49,-3.0758,-29.631,151.42,-81.624,-4.5631,407.41,111.17,425.38,265.37,546.39,46.399,221.02,-118.1,403.7,436.98,210.9,-91.295,-216.58,436.62,146.49,245.76,153.75,363.22,125.96,20.207,560.68
367.88,370.9,197.14,19.093,-48.663,196.81,365.99,385.44,-159.56,-219.56,279.21,-102.96,135.47,313.35,-68.177,233.01,232.76,277.1,-185.54,-29.458,351.16,-90.478,319.77,-13.245,0.21021,256.94,158.14,344.43,-216.54,-66.709,29.404,189.13,378.18,559.45,151.21,602.49,-186.35,-42.317,234.25,-157.97,-301.76,-14.363,203.37,-13.725,-232.94,129.14,-131.79,160.35,-48.056,355.33,-273.54,-39.848,-410.52,152.29,218.83,143.08,-137.29,150.97,-258.62,-153.5,93.882,71.426,189.36,-118.35,185.36,106.03,-182.23,138.84,-43.052,337.41,78.561,72.381,156.24,-103.07,-34.222,-59.674,-139.29,-142.11,-15.099,-83.645,274.16,576.26,593.73,309.85,-58.875,-190.1,361.88,289.84,-471.03,199.01,72.218,-4.9235,-349.06,13.342,-199.46,177.53,499.25,-40.919,-255.23,319.73,329.11,81.648,381.07,-273.45,189.86,481,-31.562,181.11,-86.698,587.87,337.73,368.61,294.07,-239.54,173.24,170.93,192.9,-128.21,391.72,135.19,-113.37,40.467,-31.751,317.65,657.77,381.55,243.78,491.1,242.17,426.75,329.11,129.97,-45.714,-54.671,-70.634,205.5,258.61,183.2,-209.69,113.48,260.73,533.06,-43.175,537.62,229.01,-26.32,-98.248,-4.8446,366.48,249.22,262.98,621.01,142.08,353.61,-151.82,264.08,261.51,-7.1007,481.32,580.64,-24.92,-222.22,424.17,838.52,244.4,159.72,307.48,-246.51,-266.49,-74.422,247.3,-101.65,-113.11,15.749,-76.201,105.25,685.83,-12.725,-138.73,-450.38,70.005,530.14,27.125,67.917,-157.15,350.45,67.153,127.87,-119.58,93.439,-22.767,364.04,-20.663,236.3,-125.19,-285.92,255.48,-244.33,-28.741,-94.923,353.42,172.4,94.243,364.06,-49.815,-24.964,-22.748,161.92,80.75,520.99,-170.53,120.06,-159.58,61.051,134.58,24.182,-77.485,247.12,324.73,170.01,-40.185,208.73,-34.497,-102.21,220.85,312.28,393.4,-280.65,69.7,-60.835,102.71,339.3,501.12,389.8,-418.31,153.52,-211.68,108.64,-64.709,-131.89,21.234,30.005,285.77,218.83,454.29,240.66,156.85,122.77,40.508,43.568,-0.42652,525.26,162.67,256.14,-55.966,322.97,-166.74,-59.075,-152.89,131.68,370.8,103.47,-196.17,97.135,332.51,14.743,250.88,441.53,397.5,-510.98,-68.549,-170.2,145.4,754.63,33.367,120.99,322.31,-107.02,-158.33,455.15,70.222,59.774,78.39,291.13,280.83,-360.66,376.15,-153.02,514.93,340.71,223.5,4.0591,-152.38,79.05,-51.099,400.03,106.9,552.92,-271.93,369.53,328.85,216.81,190.68,-62.578,84.888,-16.021,280.63,-63.068,509.74,145.16,422.7,250.29,-99.645,215.1,62.899,-202.64,-56.347,140,-71.252,-91.895,490.71,-40.599,580.34,626.29,-297.51,608.87,77.412,207.31,-24.726,274.96,-99.933,-67.256,-195.4,286.43,267.37,-88.254,215.43,422.85,502.84,-198.19,827.99,458.64,-85.415,184.11,100.04,-38.526,-51.281,31.867,-162.21,28.436,-164.56,-208.61,145.83,320.05,194.86,317.34,-179.78,172.77,275.52,9.8133,-44.028,164.9,53.914,387.91,228.04,103.26,203.67,334.02,257.78,419.03,-192.18,135.87,-240.87,-120.59,-5.9945,-42.268,677.11,-6.8503,267.38,174.77,222.07,249.08,122.3,520.14,23.288,547.46,-237.74,-10.539,331.99,-68.776,347.21,426.8,562.98,372.76,187.52,-229.59,-24.4,332.81,223.98,-181.35,130.97,102.46,17.867,47.693,268.69,207.22,151.37,-226.23,-267.9,34.568,90.922,298.12,111.93,409.87,-186.04,188.95,455.41,-115.39,331.38,270.41,-26.866,-49.893,125.04,102.1,-19.114,357.4,-99.583,-106.13,-237.81,418.64,348.28,-168.2,258.4,368.04,535.62,-327.01,51.364,378.82,176.59,-176.1,126.27,83.094,-23.98,79.305,483.85,-177.55,-152.17,121.3,207.44,55.924,161.38,375.51,-122.39,-284.32,-20.765,380.22,297.82,157.04,423.91,141.99,169.69,333.43,-339.88,475.8,263.57,274.41,454.15,9.4719,361.28,478.05,-51.687,236.8,728.56,138.58,425.21,174.3,-207.78,558.87,-42.678,110.21,95.573,10.566,-151.31,-58.628,-131.31,271.59,-61.93,-196.15,16.409,-39.643,-267.29,-53.118,-157.76,-153.99,-258.08,497.63,54.005,187.43,333.35,380.74
183.44,477.71,14.27,220.13,62.709,286.13,276.86,121,108.85,-104.28,5.075,-30.162,-36.352,580.05,288.45,-121.63,371.52,-245.33,267.8,206.63,466.09,164.46,177.09,-36.112,-36.348,284.88,313.03,485.62,-12.345,91.458,33.708,-398.03,-303.9,68.145,240.8,163.93,-225.47,-172.91,-14.002,409.2,86.33,-125.81,-87.914,324.66,-51.712,-40.098,-347.6,147.11,251.7,-116.4,31.588,41.968,353.1,-355.5,174.66,72.019,-217.32,51.486,-59.514,61.541,48.863,-175.78,181.46,175.84,280.76,22.866,-120.27,110.58,121.77,-236.09,335.97,-72.983,80.858,233.02,113.62,-140.12,194.63,26.342,530.41,267.76,-224.49,70.183,169.94,-365.3,339.89,521.72,408.35,-208.01,651,132.05,198.49,715.43,-88.04,228.65,306.58,-76.397,232.19,0.73779,-217.6,294.95,373.37,-270.39,-156.89,61.273,377.2,198.77,79.929,81.535,68.207,-101.65,236.83,-12.957,-246.71,-49.996,144.17,217.22,9.1762,131.66,62.714,-18.544,271.29,-5.332,105.81,70.114,81.128,459.79,259.98,273.43,185.62,232.64,181.88,194.51,-95.677,47.916,199.3,347.21,500.03,-138.53,277.35,43.915,42.97,-223.63,340.51,45.9,75.125,-1.8612,175.76,357.24,170.16,18.262,110.04,-141.04,635.49,161.94,347.33,-112.78,471.48,122.06,-28.88,43.948,-221.56,23.57,313.04,-119.35,96.892,88.266,-407.58,548.63,-52.755,212.65,-34.377,145.02,304.64,163.37,7.9648,-178.23,-223.85,133.19,-0.53463,-13.972,164.76,23.8,-100.4,-61.249,0.70232,-133.11,403.56,88.88,-23.687,189.08,-244.81,169.83,334.91,268.18,-128.97,183.74,274,13.674,264.48,-2.9186,246.83,712.75,154.82,-179.94,405.77,240.05,2.3379,-245.98,159.05,263.38,467.57,-360.97,166.73,-122.43,40.817,224.96,31.611,194.36,311.43,27.525,-126.47,68.733,185.49,-238.42,-455.84,66.61,-315.52,-88.315,224.15,-242.81,-379.42,-306.79,394.91,588.09,158.22,157.7,137.31,299.13,213.64,-104.48,-73.924,104.44,-34.998,123.83,67.247,152.08,81.977,159.91,27.318,-71.976,210.6,267.01,130.54,-100.65,-261.3,-80.613,-93.758,-333.71,1.6286,301.98,252.78,16.041,0.27523,379.65,167.66,37.948,-3.6631,240.13,118.69,-33.63,10.661,-92.623,108.76,-281.38,-582.23,-163.7,504.06,9.6125,276.26,478.45,180.81,-8.7321,176.94,131.77,-182.35,369.44,-279.07,300.85,156.4,-314.03,481.65,-175.4,281.77,166.93,166.33,504.85,259.3,321.17,-262.17,-34.808,-207.88,336.54,-183.14,174.68,107.16,230.2,25.877,-198.88,-353.52,-33.839,-20.913,327.92,-135.11,131.66,61.668,237.96,-18.84,24.142,23.411,220.58,212.75,464.73,88.381,105.19,-75.269,485.31,171.19,-5.5319,603.09,242.82,66.231,-87.975,110.4,372.94,153.45,41.411,222.52,-2.7008,304.63,-131.45,229.12,194.32,-34.514,142.89,-297.19,311.18,-130.26,-230.59,201.61,343.93,21.134,220.77,-147.18,-52.675,9.7278,193.39,36.076,305.35,-207.15,144.05,-159.97,29.618,-237.34,-213.48,368,165.54,35.704,151.38,494.88,99.453,430.12,446.85,190.75,87.26,-188.98,540.11,27.031,239.94,197.94,271.34,66.274,28.174,229.08,77.795,109.31,-43.927,96.295,299.88,357.13,14.91,232.21,-74.949,-84.095,302,-74.942,95.78,570.17,187.06,-139.2,-152.02,-226.47,-143.87,186.35,353.79,327.22,175.71,326.49,146.34,156.9,290.85,532.62,-34.629,84.618,358.5,-132.44,606.47,266.93,331.17,143.08,-167.9,-272.83,34.615,365.97,505.98,252.64,261.28,231.42,257.17,-102.34,230.44,317.7,-64.78,10.119,48.46,143.61,-98.604,99.386,-229.4,173.26,66.467,190.43,-56.995,-10.498,-40.73,328,68.876,-148.74,272.1,-16.894,-202.95,18.583,254,230.61,12.78,197.29,167.28,9.4971,311.8,277.82,98.094,118.72,157.85,53.729,158.97,261.12,-74.243,-130.09,-110.65,-282.14,315.35,-272.39,392.33,-497.47,124.65,11.664,540.04,-50.729,-229.46,-124.54,-299,245.76,169.29,195.78,-282.72,-205.05,141.1,-138.71,123.74,164.98,80.206,32.077,115.9,61.538,-392.4,120.69,486.84,158.57,164.24,202.14,19.957
54.396,-252.69,-229.05,-379.16,-117.76,145.64,181.25,-152.93,-44.835,-121.95,77.064,-182.36,9.429,-355.55,-56.916,-100.02,-73.955,-110.63,-106.59,-214.82,-509.02,124.91,0.15023,232.92,-253.61,-95.044,-83.041,-254.98,-110.14,-187.43,-67.384,58.122,270.53,-3.8671,122.96,-154.61,-348.85,63.827,62.464,-246.91,-360.35,123.29,132.59,177.52,-30.41,-334.18,206.35,-461.78,-324.9,120.6,-138.3,-351.45,-56.11,422.26,156.04,-300.91,217.02,-124.36,-9.6616,-140.75,-271.05,-95.476,-49.655,-173.46,-143.12,147.66,-46.515,-125.01,0.061439,-120.96,-86.763,-84.891,27.682,-46.36,-351.83,44.286,-192.42,-204.84,32.001,-42.2,-108.22,105.03,-387.85,283.63,-293.26,13.044,-91.16,-226.85,-140.84,4.7164,-0.055376,-413.66,-100.92,394.38,-288.23,12.413,596.61,-47.643,-111.25,-35.826,195.36,-194.56,-171.5,133.87,-225.73,-355.42,-102.55,-285.93,-157.18,136.01,-147.71,-184.91,-65.094,-240.42,-40.324,-323.34,178.94,-306.72,272.67,-23.931,-173.64,167.79,4.603,-297.47,394.66,-158.05,-71.317,-53.342,-169.89,230.89,-111.27,-65.198,132.17,-351.97,-150.42,15.109,-236.88,-42.776,3.0921,-318.81,-352.54,140.68,277.13,-342.91,218.27,87.977,-264.34,-140.96,240.64,-122.08,-146.91,215.76,-146.08,-108.93,-130.72,297.3,53.433,-252.31,-123.32,-79.378,110.19,-190.71,-75.153,161.29,20.975,-69.316,-74.315,-397.18,-156.2,-159.59,-82.635,-421.29,-616.5,-169.75,162.18,-33.68,0.89032,-216.11,75.369,-63.084,-173.48,297.39,-42.862,-317.72,-196.3,7.5988,-339.64,168.14,258.6,300.11,164.53,-8.3368,-158.98,-55.821,81.212,-138.85,262.43,-173.29,-141.9,-58.394,-19.049,-46.097,-311.4,-245.47,-111.98,-142.69,-146.9,-352.53,-421.15,102.23,-180.36,94.996,-185.49,-42.817,-321.35,-462.73,174.05,-192.19,-114.89,131.69,-110.74,-41.854,-357.05,-191.16,69.385,-20.026,272.76,-271.2,-222.98,414.2,-149.31,30.391,308.59,46.998,-233.63,77.661,85.721,194.65,-65.759,-10.506,33.428,160.67,-76.284,-143.54,-214.61,33.773,294.14,-160.34,203.23,-149.43,77.154,-63.943,-78.144,-365.1,82.583,-197.22,282.16,78.446,-79.065,-203.44,-25.189,-32.942,-250.7,91.478,-101.09,-218.05,-26.693,-20.511,-212.25,-80.672,-118.62,397.99,-204.32,-43.221,12.436,39.061,176.66,-39.302,14.742,-134.97,-145,-104.4,-80.427,110.45,-225.59,155.94,-1.0715,-455.21,148.3,-9.5616,102.04,43.346,-432.49,-91.543,-135.82,325.6,56.569,1.2499,-1.3751,-291.5,-7.6308,-330.64,33.607,-223.81,12.169,-287.86,-178.59,-287.19,530.28,-177.36,230.16,-413.11,-15.198,-74.435,65.226,-517.38,-212.43,37.477,94.951,74.158,-48.826,-27.446,-103.48,-155.62,-222.14,25.786,-158.8,212.87,-141.33,-119.17,-101.66,-272.51,-273.07,-301.82,-96.075,83.51,20.045,7.3462,-238.05,-23.358,200.2,-111.43,-73.674,-58.107,-60.614,-261.72,-164.63,113.42,-36.873,10.73,-438.32,182.07,-244,-123.76,-75.313,-29.488,50.337,90.497,208.11,48.455,-41.099,-101.34,56.236,-168.36,-174.35,120.21,-338.57,-218.92,283.69,-148.37,196.29,-154.37,-267.7,22.844,-77.583,-158.6,-74.639,-0.40149,-16.173,49.691,409.27,-316.61,-266.95,106.13,-397.41,-382.01,-248.77,-238.19,-183.6,46.563,47.899,172.86,-93.181,-260.27,-269.7,-35.987,170.59,57.144,70.849,218.9,-329.85,-219.67,327.12,-371.73,-264.03,-62.205,-219.63,-67.408,-381.78,-131.84,-65.966,258.77,-18.29,-62.112,-145.85,-53.262,-328.34,-186.58,-53.794,-267.5,114.25,-74.864,-172.32,57.791,0.58409,-12.027,-327.2,-20.758,35.769,-271.46,-183.94,86.149,-189.21,-370.72,-327.59,289.33,302.5,60.878,-3.1294,-299.92,96.081,144.43,13.585,26.605,-184.42,182.78,-380.4,-452.77,205.87,-250.83,33.118,39.823,-358.32,-1.2161,40.968,-179.05,63.307,-209.26,-3.0999,-59.386,31.104,217.52,-107.47,-517.36,340.5,-214.48,-194.3,-75.674,317.62,-120.58,89.026,-101.32,245.34,-222.93,-49.023,-240.96,-114.9,-170.9,173.12,65.141,-88.829,-88.277,-357.41,-84.417,33.4,-79.417,106.34,-316.2,-0.20546,293.52,-412.29,-254.66,128.62,-194.58,-153.72,-310.73,92.092,24.748,-411.19,10.334
